cen006-p0-forestdb-sanity,http://qa.sc.couchbase.com/job/cen006-p0-forestdb-sanity/,957
centos-security_audit,http://qa.sc.couchbase.com/job/test_suite_executor/,160326
cen006-P0-converg-xattrs-vset0-01-subdoc-sdk,http://qa.sc.couchbase.com/job/cen006-P0-converg-xattrs-vset0-01-subdoc-sdk/,462
cen006-p0-security-vset01-00-secrets,http://qa.sc.couchbase.com/job/cen006-p0-security-vset01-00-secrets/,368
centos-xdcr_lww-p0-2,http://qa.sc.couchbase.com/job/test_suite_executor/,160985
centos-backup_recovery_merge,http://qa.sc.couchbase.com/job/test_suite_executor/,161275
centos-transaction_diskautofailover_durability_persist_to_majority_6.5_P0_Set1,http://qa.sc.couchbase.com/job/test_suite_executor-TAF/,3027
centos-backup_recovery_SDK-compression-off-bucket-compression-active,http://qa.sc.couchbase.com/job/test_suite_executor/,160518
centos-query_ansi_joins_clusterops,http://qa.sc.couchbase.com/job/test_suite_executor/,160797
centos-durability_steady_state_subdoc_6.5_P0_persist_active,http://qa.sc.couchbase.com/job/test_suite_executor-TAF/,3089
centos-query_sanity_extended-3_moi,http://qa.sc.couchbase.com/job/test_suite_executor/,160776
centos-analytics_cbas_upgrade_6.0.1_6.5.0,http://qa.sc.couchbase.com/job/test_suite_executor-jython/,7759
centos-durability_steady_state_dgm_6.5_P0_persist_majority,http://qa.sc.couchbase.com/job/test_suite_executor-TAF/,3411
centos-durability_steady_state_large_docs_6.5_P0_majority,http://qa.sc.couchbase.com/job/test_suite_executor-TAF/,3047
centos-nserv_invalid_snap_start_check,http://qa.sc.couchbase.com/job/test_suite_executor/,161066
centos-fts_sanity-scorch,http://qa.sc.couchbase.com/job/test_suite_executor/,160345
centos-durability_rebalance_swap_persist_active_6.5_P0,http://qa.sc.couchbase.com/job/test_suite_executor-TAF/,3367
centos-rqg_pushdown_secondary,http://qa.sc.couchbase.com/job/test_suite_executor/,160887
centos-durability_syncwrite_failures_6.5_P0_majority,http://qa.sc.couchbase.com/job/test_suite_executor-TAF/,3041
centos-query_clusterops-3,http://qa.sc.couchbase.com/job/test_suite_executor/,160442
centos-analytics_rest_secondary_indexes_cluster_operations,http://qa.sc.couchbase.com/job/test_suite_executor-jython/,7727
centos-nserv_invalid_snap_start_check_ephemeral,http://qa.sc.couchbase.com/job/test_suite_executor/,161279
cen7-2i-plasma-set4-job1-functional2itests,http://qa.sc.couchbase.com/job/cen7-2i-plasma-set4-job1-functional2itests/,605
centos-2i_bootstrap-plasma,http://qa.sc.couchbase.com/job/test_suite_executor/,160691
centos-analytics_rest_sql_plus_plus_query_nulls,http://qa.sc.couchbase.com/job/test_suite_executor-jython/,7723
centos-cli_tools_SDK-compression-on-bucket-compression-active,http://qa.sc.couchbase.com/job/test_suite_executor-docker/,29691
centos-durability_steady_state_dgm_6.5_P1_persist_majority,http://qa.sc.couchbase.com/job/test_suite_executor-TAF/,3136
centos-rqg_joins_partitioned,http://qa.sc.couchbase.com/job/test_suite_executor/,160838
centos-xdcr_nwusage,http://qa.sc.couchbase.com/job/test_suite_executor/,161216
centos-durability_bucket_compaction_6.5_P1_persist_majority,http://qa.sc.couchbase.com/job/test_suite_executor-TAF/,3329
centos-durability_rebalance_out_durabilitybreaks_rebalance_in_persist_majority_6.5_P0,http://qa.sc.couchbase.com/job/test_suite_executor-TAF/,3075
centos-analytics_cbas_upgrade,http://qa.sc.couchbase.com/job/test_suite_executor-jython/,7750
centos-2i_rebalance_red_memdb,http://qa.sc.couchbase.com/job/test_suite_executor/,161397
centos-sanity_sanity-compression,http://qa.sc.couchbase.com/job/test_suite_executor/,161183
centos-analytics_rest_rollback,http://qa.sc.couchbase.com/job/test_suite_executor-jython/,7722
centos-epeng_maxttl,http://qa.sc.couchbase.com/job/test_suite_executor/,160424
centos-cli_settings-gsi-compaction,http://qa.sc.couchbase.com/job/test_suite_executor-docker/,29680
centos-eventing_rebalance_timer_op_curl_6.5_P1,http://qa.sc.couchbase.com/job/test_suite_executor/,161232
centos-analytics_rest-jre-less,http://qa.sc.couchbase.com/job/test_suite_executor-jython/,7743
centos-cli_cbrecovery,http://qa.sc.couchbase.com/job/test_suite_executor-docker/,29687
centos-rqg_in_list_operator_6.5_P1,http://qa.sc.couchbase.com/job/test_suite_executor/,161288
cen-nserv-autofailover-disk-full,http://qa.sc.couchbase.com/job/cen-nserv-autofailover-disk-full/,96
centos-rqg_aggregate_functions_partitioned,http://qa.sc.couchbase.com/job/test_suite_executor/,160562
centos-2i_basic-integration-memdb,http://qa.sc.couchbase.com/job/test_suite_executor/,160688
centos-rqg_crud_update_ops_merge_partitioned,http://qa.sc.couchbase.com/job/test_suite_executor/,160605
centos-2i_query-based-recovery-dgm-plasma-P2,http://qa.sc.couchbase.com/job/test_suite_executor/,161044
centos-durability_process_crash_6.5_P0_persist_active,http://qa.sc.couchbase.com/job/test_suite_executor-TAF/,3354
centos-query_dynamic_moi,http://qa.sc.couchbase.com/job/test_suite_executor/,160747
centos-durability_steady_state_subdoc_xattr_6.5_ephemeral_P0_majority,http://qa.sc.couchbase.com/job/test_suite_executor-TAF/,3397
centos-transaction_rebalance_in_out_durability_persist_to_majority_6.5_P0_Set1,http://qa.sc.couchbase.com/job/test_suite_executor-TAF/,3180
centos-durability_rebalance_swap_majority_6.5_P0,http://qa.sc.couchbase.com/job/test_suite_executor-TAF/,3011
centos-rqg_count_distinct_scan,http://qa.sc.couchbase.com/job/test_suite_executor/,160595
centos-durability_subdoc_syncwrite_failures_6.5_P0_persist_majority,http://qa.sc.couchbase.com/job/test_suite_executor-TAF/,3074
centos-nserv_failover_persistence_snap_validate_ephemeral,http://qa.sc.couchbase.com/job/test_suite_executor/,161345
centos-transaction_rebalance_in_out_durability_majority_6.5_P0,http://qa.sc.couchbase.com/job/test_suite_executor-TAF/,3246
centos-query_sanity_extended-3,http://qa.sc.couchbase.com/job/test_suite_executor/,160447
centos-durability_steady_state_6.5_P0_persist_active,http://qa.sc.couchbase.com/job/test_suite_executor-TAF/,3401
centos-analytics_rest_ingestion_interrupt_service_operations,http://qa.sc.couchbase.com/job/test_suite_executor-jython/,7721
centos-query_sanity_extended_moi,http://qa.sc.couchbase.com/job/test_suite_executor/,160796
centos-xdcr_adv-filtering-3,http://qa.sc.couchbase.com/job/test_suite_executor/,160805
centos-2i_bucket-ops,http://qa.sc.couchbase.com/job/test_suite_executor/,160693
centos-ephemeral_2i-scan-consistency-multi-bucket-ephemeral-red,http://qa.sc.couchbase.com/job/test_suite_executor/,160743
centos-durability_steady_state_doc_keys_6.5_P0_persist_majority,http://qa.sc.couchbase.com/job/test_suite_executor-TAF/,3111
centos-durability_sdk_timeouts_6.5_ephemeral_P0_majority,http://qa.sc.couchbase.com/job/test_suite_executor-TAF/,3269
centos-2i_projector-stress_6.5_P1,http://qa.sc.couchbase.com/job/test_suite_executor/,160371
centos-cli_failover,http://qa.sc.couchbase.com/job/test_suite_executor-docker/,29667
centos-2i_index-partitioning-cbd-memdb,http://qa.sc.couchbase.com/job/test_suite_executor/,160710
centos-eventing_rebalance_pause_resume_6.5_P0,http://qa.sc.couchbase.com/job/test_suite_executor/,161228
centos-durability_steady_state_large_docs_6.5_P0_persist_majority,http://qa.sc.couchbase.com/job/test_suite_executor-TAF/,3051
centos-query_n1ql_fts_integration_6.5_P0,http://qa.sc.couchbase.com/job/test_suite_executor/,160463
centos-eventing_tools,http://qa.sc.couchbase.com/job/test_suite_executor/,160828
centos-cli_cluster-edit,http://qa.sc.couchbase.com/job/test_suite_executor-docker/,29662
cen006-p0-upgra-new-with-services-510,http://qa.sc.couchbase.com/job/cen006-p0-upgra-new-with-services-510/,127
centos-backup_recovery_enhance,http://qa.sc.couchbase.com/job/test_suite_executor/,160401
centos-query_xattrs-gsi,http://qa.sc.couchbase.com/job/test_suite_executor/,160462
centos-durability_steady_state_subdoc_xattr_6.5_P0_majority,http://qa.sc.couchbase.com/job/test_suite_executor-TAF/,3394
centos-tunable_failover,http://qa.sc.couchbase.com/job/test_suite_executor-docker-prod2/,1441
centos-query_tools-nulls,http://qa.sc.couchbase.com/job/test_suite_executor/,161358
centos-eventing_vbucket,http://qa.sc.couchbase.com/job/test_suite_executor/,160829
centos-fts_mem-only-indexes-scorch,http://qa.sc.couchbase.com/job/test_suite_executor/,161210
centos-query_covering_tokens,http://qa.sc.couchbase.com/job/test_suite_executor/,160505
centos-tunable_rebalance-out,http://qa.sc.couchbase.com/job/test_suite_executor-docker-prod2/,1437
centos-ephemeral_2i-scan-consistency-multi-bucket-ephemeral-green-SDK-compression-on-bucket-compression-active,http://qa.sc.couchbase.com/job/test_suite_executor/,160738
centos-2i_rebalance_yellow_plasma,http://qa.sc.couchbase.com/job/test_suite_executor/,160382
centos-epeng_basic_ops,http://qa.sc.couchbase.com/job/test_suite_executor/,160354
centos-transaction_concurrency_durability_persist_to_majority_6.5_P0_Set1,http://qa.sc.couchbase.com/job/test_suite_executor-TAF/,3123
centos-2i_crud-recovery-dgm-plasma,http://qa.sc.couchbase.com/job/test_suite_executor/,161022
centos-security_rbac-ldap-cli,http://qa.sc.couchbase.com/job/test_suite_executor/,161415
centos-rqg_crud_update_ops_partitioned,http://qa.sc.couchbase.com/job/test_suite_executor/,160608
centos-query_clusterops_moi,http://qa.sc.couchbase.com/job/test_suite_executor/,160854
centos-eventing_topology_timer_op_curl_6.5_P1,http://qa.sc.couchbase.com/job/test_suite_executor/,160486
centos-query_scalars_6.5_P1,http://qa.sc.couchbase.com/job/test_suite_executor/,160411
centos-durability_replica_update_6.5_P1_persist_majority,http://qa.sc.couchbase.com/job/test_suite_executor-TAF/,3264
centos-analytics_rest_secondary_indexes,http://qa.sc.couchbase.com/job/test_suite_executor-jython/,7741
centos-durability_sdk_timeouts_6.5_P1_persist_majority,http://qa.sc.couchbase.com/job/test_suite_executor-TAF/,3162
centos-durability_process_crash_6.5_ephemeral_P0_majority,http://qa.sc.couchbase.com/job/test_suite_executor-TAF/,3345
centos-nserv_rebalanceinout_P0_Set1-ephemeral,http://qa.sc.couchbase.com/job/test_suite_executor/,160714
centos-u1604-p0-breakpad-sanity,http://qa.sc.couchbase.com/job/centos-u1604-p0-breakpad-sanity/,279
centos7_unit-simple-test,http://cv.jenkins.couchbase.com/view/scheduled-unit-tests/job/unit-simple-test/17835/,17835
centos-durability_replica_update_6.5_P1_persist_active,http://qa.sc.couchbase.com/job/test_suite_executor-TAF/,3292
centos-epeng_bucketflush,http://qa.sc.couchbase.com/job/test_suite_executor/,160430
centos-query_ephm-3-node,http://qa.sc.couchbase.com/job/test_suite_executor/,160526
cen006-p0-fts-vset03-00-dgm-compaction-mossstore,http://qa.sc.couchbase.com/job/cen006-p0-fts-vset03-00-dgm-compaction-mossstore/,400
centos-durability_steady_state_6.5_P1_persist_active,http://qa.sc.couchbase.com/job/test_suite_executor-TAF/,3064
centos-eventing_topology_bucket_op_curl_6.5_P1,http://qa.sc.couchbase.com/job/test_suite_executor/,160504
centos-rqg_pushdown_functional_partitioned,http://qa.sc.couchbase.com/job/test_suite_executor/,160864
centos-2i_recovery-add-index-memdb,http://qa.sc.couchbase.com/job/test_suite_executor/,160646
centos-durability_rebalance_in_ephemeral_majority_6.5_P1,http://qa.sc.couchbase.com/job/test_suite_executor-TAF/,3160
centos-ipv6_fts,http://qa.sc.couchbase.com/job/test_suite_executor/,160639
centos-nonroot-os_certify-dcp,http://qa.sc.couchbase.com/job/centos-nonroot-os_certify-dcp/,240
centos-rqg_ansi_transform_6.5_P1,http://qa.sc.couchbase.com/job/test_suite_executor/,161283
centos-query_n1ql_fts_integration_phase2_syntax_6.5_P1,http://qa.sc.couchbase.com/job/test_suite_executor/,160368
centos-durability_steady_state_large_docs_6.5_ephemeral_P1_majority,http://qa.sc.couchbase.com/job/test_suite_executor-TAF/,3204
centos-rqg_analytics_fields_asc_desc,http://qa.sc.couchbase.com/job/test_suite_executor/,160543
centos-query_monitoring_moi,http://qa.sc.couchbase.com/job/test_suite_executor/,161172
centos-transaction_swap_rebalance_durability_majority_6.5_P0,http://qa.sc.couchbase.com/job/test_suite_executor-TAF/,3189
centos-nonroot-os_certify-tools,http://qa.sc.couchbase.com/job/centos-nonroot-os_certify-tools/,276
centos-fts_rbac,http://qa.sc.couchbase.com/job/test_suite_executor/,160554
centos-durability_steady_state_multibucket_6.5_P0_majority,http://qa.sc.couchbase.com/job/test_suite_executor-TAF/,3208
centos-ephemeral_2i-bootstrap-ephemeral,http://qa.sc.couchbase.com/job/test_suite_executor/,160760
centos-eventing_topology_bucket_op_with_timers,http://qa.sc.couchbase.com/job/test_suite_executor/,160497
centos-xdcr_bidirectional-ssl-eph,http://qa.sc.couchbase.com/job/test_suite_executor/,160665
centos-backup_recovery_merge-p1,http://qa.sc.couchbase.com/job/test_suite_executor/,160465
centos-rqg_analytics_arithmetic_functions,http://qa.sc.couchbase.com/job/test_suite_executor/,160541
centos-query_date-time-functions_moi,http://qa.sc.couchbase.com/job/test_suite_executor/,160856
cen006-p0-upgra-old_550,http://qa.sc.couchbase.com/job/cen006-p0-upgra-old_550/,90
centos-eventing_settings,http://qa.sc.couchbase.com/job/test_suite_executor/,160824
centos-2i_recovery-drop-index-with-kvOps-plasma,http://qa.sc.couchbase.com/job/test_suite_executor/,160716
centos-xdcr_checkpoint-eph,http://qa.sc.couchbase.com/job/test_suite_executor/,160679
centos-xdcr_prioritization_6.5_P0,http://qa.sc.couchbase.com/job/test_suite_executor/,160813
centos-query_clusterops,http://qa.sc.couchbase.com/job/test_suite_executor/,160498
cen-nserv-autofailover-multi-node-failover-set2,http://qa.sc.couchbase.com/job/cen-nserv-autofailover-multi-node-failover-set2/,170
centos-query_curl,http://qa.sc.couchbase.com/job/test_suite_executor/,160506
centos-geo_sanity_04,http://qa.sc.couchbase.com/job/test_suite_executor/,161373
centos-durability_steady_state_6.5_ephemeral_P1_majority,http://qa.sc.couchbase.com/job/test_suite_executor-TAF/,3149
centos-transaction_swap_rebalance_durability_majority_and_persist_on_master_6.5_P0_Set2,http://qa.sc.couchbase.com/job/test_suite_executor-TAF/,3421
centos-rqg_joins_ansi_partitioned,http://qa.sc.couchbase.com/job/test_suite_executor/,160759
centos-analytics_rest_sql_plus_plus_query_dynamic_gsi,http://qa.sc.couchbase.com/job/test_suite_executor-jython/,7720
centos-2i_recovery-query-index-plasma,http://qa.sc.couchbase.com/job/test_suite_executor/,161068
centos-fts_querytime-scorch,http://qa.sc.couchbase.com/job/test_suite_executor/,160336
centos-xdcr_unidirectional-ssl-eph-1,http://qa.sc.couchbase.com/job/test_suite_executor/,160845
centos-rqg_analytics_subqueries,http://qa.sc.couchbase.com/job/test_suite_executor/,160569
cen006-p0-upgra-old_500_501_7buckets,http://qa.sc.couchbase.com/job/cen006-p0-upgra-old_500_501_7buckets/,98
centos-2i_doc-key-size-plasma-P0,http://qa.sc.couchbase.com/job/test_suite_executor/,160349
centos-fts_moving-topology-P1,http://qa.sc.couchbase.com/job/test_suite_executor/,161164
centos-xdcr_filtering-star-topology-eph_6.5_P1,http://qa.sc.couchbase.com/job/test_suite_executor/,160690
centos-query_sanity-SDK-compression-on-bucket-compression-active,http://qa.sc.couchbase.com/job/test_suite_executor/,160416
centos-durability_rebalance_in_out_persist_active_6.5_P0,http://qa.sc.couchbase.com/job/test_suite_executor-TAF/,3101
centos-nserv_rebalancein,http://qa.sc.couchbase.com/job/test_suite_executor/,160675
centos-go-sdk-server-situational-tests,http://sdkbuilds.sc.couchbase.com/view/GO/job/server-build-test-go/job/centos-go-sdk-server-situational-tests/,644
centos-rqg_analytics_aggregate,http://qa.sc.couchbase.com/job/test_suite_executor/,160527
centos-query_array-indexing-3_moi,http://qa.sc.couchbase.com/job/test_suite_executor/,160741
centos-query_skip_range_key_scan_6.5_P1,http://qa.sc.couchbase.com/job/test_suite_executor/,160356
centos-durability_replica_update_6.5_ephemeral_P0_majority,http://qa.sc.couchbase.com/job/test_suite_executor-TAF/,3218
centos-durability_bucket_compaction_6.5_P1_persist_active,http://qa.sc.couchbase.com/job/test_suite_executor-TAF/,3331
cen006-p0-upgra-old_550_7buckets,http://qa.sc.couchbase.com/job/cen006-p0-upgra-old_550_7buckets/,90
centos-durability_rebalance_out_durabilitybreaks_rebalance_in_majority_6.5_P1,http://qa.sc.couchbase.com/job/test_suite_executor-TAF/,3087
centos-xdcr_complex-topologies,http://qa.sc.couchbase.com/job/test_suite_executor/,161215
centos-eventing_sanity,http://qa.sc.couchbase.com/job/test_suite_executor/,160439
centos-query_tokens,http://qa.sc.couchbase.com/job/test_suite_executor/,160360
centos-fts_custom-map-n1ql-rqg-scorch_6.5_P1,http://qa.sc.couchbase.com/job/test_suite_executor/,160676
centos-durability_tunable_rebalance_in_out_majority_6.5_P0,http://qa.sc.couchbase.com/job/test_suite_executor-TAF/,3361
centos-durability_rebalance_out_durabilitybreaks_rebalance_in_majority_6.5_P0,http://qa.sc.couchbase.com/job/test_suite_executor-TAF/,3010
centos-java-sdk-qe-feature-tests,http://sdkbuilds.sc.couchbase.com/view/JAVA/job/feature-java/job/centos-java-sdk-qe-feature-tests/,536
centos-rqg_ansi_joins_partitioned,http://qa.sc.couchbase.com/job/test_suite_executor/,160588
centos-xdcr_filtering-chain-topology_6.5_P1,http://qa.sc.couchbase.com/job/test_suite_executor/,160890
centos-go-sdk-vulcan-ipv6,http://sdkbuilds.sc.couchbase.com/job/centos-go-sdk-vulcan-ipv6/,210
centos-durability_fail_over_6.5_P0_persist_active,http://qa.sc.couchbase.com/job/test_suite_executor-TAF/,3097
centos-2i_bootstrap,http://qa.sc.couchbase.com/job/test_suite_executor/,160689
centos-nonroot-os_certify-rbac,http://qa.sc.couchbase.com/job/centos-nonroot-os_certify-rbac/,259
cen006-p1-epeng-vset00-00-memory-sanity,http://qa.sc.couchbase.com/job/cen006-p1-epeng-vset00-00-memory-sanity/,949
centos-nserv_rebalanceout-ephemeral,http://qa.sc.couchbase.com/job/test_suite_executor/,161278
centos-nonroot-os_certify-xdcr,http://qa.sc.couchbase.com/job/centos-nonroot-os_certify-xdcr/,262
centos-query_sanity-SDK-compression-on-bucket-compression-active-2,http://qa.sc.couchbase.com/job/test_suite_executor/,160791
centos-cli_rebalance-stop,http://qa.sc.couchbase.com/job/test_suite_executor-docker/,29673
centos-query_index4_moi,http://qa.sc.couchbase.com/job/test_suite_executor/,160858
centos-2i_scan-consistency-multi-bucket-memdb-red,http://qa.sc.couchbase.com/job/test_suite_executor/,160652
centos-fts_querytime-n1ql-scorch_6.5_P1,http://qa.sc.couchbase.com/job/test_suite_executor/,160374
centos-durability_bucket_compaction_6.5_P1_majority,http://qa.sc.couchbase.com/job/test_suite_executor-TAF/,3330
centos-fts_rbac-scorch,http://qa.sc.couchbase.com/job/test_suite_executor/,160333
centos-transaction_newfailover_durability_persist_to_majority_6.5_P0_Set1,http://qa.sc.couchbase.com/job/test_suite_executor-TAF/,3025
centos-eventing_recovery,http://qa.sc.couchbase.com/job/test_suite_executor/,160808
centos-eventing_n1ql,http://qa.sc.couchbase.com/job/test_suite_executor/,160798
cen7-sync-gateway-functional-tests-base-cc,http://uberjenkins.sc.couchbase.com:8080/job/cen7-sync-gateway-functional-tests-base-cc/,2546
centos-2i_array-indexing-plasma,http://qa.sc.couchbase.com/job/test_suite_executor/,160334
centos-2i_scan-consistency-multi-bucket-plasma-red-SDK-compression-off-bucket-compression-active,http://qa.sc.couchbase.com/job/test_suite_executor/,160669
centos-lcb-sdk-vulcan-ipv6,http://sdkbuilds.sc.couchbase.com/job/centos-lcb-sdk-vulcan-ipv6/,258
centos-ipv6_analytics_rest_dp3_ipv6,http://qa.sc.couchbase.com/job/test_suite_executor-jython/,7729
centos-transaction_rebalance_in_out_durability_majority_6.5_P0_Set1,http://qa.sc.couchbase.com/job/test_suite_executor-TAF/,3383
cen006-nserv-autofailover-network-split,http://qa.sc.couchbase.com/job/cen006-nserv-autofailover-network-split/,396
centos-query_stats_moi,http://qa.sc.couchbase.com/job/test_suite_executor/,160869
centos-nserv_negative-failover,http://qa.sc.couchbase.com/job/test_suite_executor/,161270
centos-transaction_rebalance_out_durability_persist_to_majority_6.5_P0_Set1,http://qa.sc.couchbase.com/job/test_suite_executor-TAF/,3127
centos-durability_rebalance_out_majority_6.5_P0,http://qa.sc.couchbase.com/job/test_suite_executor-TAF/,3301
centos-cli_bucket-compact,http://qa.sc.couchbase.com/job/test_suite_executor-docker/,29654
centos-backup_recovery_online-upgrade,http://qa.sc.couchbase.com/job/test_suite_executor/,160726
centos-nserv_nserv-rebalanceinout_P1_Set1,http://qa.sc.couchbase.com/job/test_suite_executor/,160794
centos-ipv6_sanity-mix,http://qa.sc.couchbase.com/job/test_suite_executor/,161412
centos-epeng_connection,http://qa.sc.couchbase.com/job/test_suite_executor/,161401
centos-2i_doc-key-size-memdb-P1,http://qa.sc.couchbase.com/job/test_suite_executor/,160704
centos-backup_recovery_mh-enhance_6.5_P1,http://qa.sc.couchbase.com/job/test_suite_executor/,160479
centos-query_aggr_pushdown_recovery,http://qa.sc.couchbase.com/job/test_suite_executor/,160460
centos-fts_moving-topology-P0-scorch,http://qa.sc.couchbase.com/job/test_suite_executor/,160355
centos-query_index_moi,http://qa.sc.couchbase.com/job/test_suite_executor/,160861
centos-fts_mem-only-indexes,http://qa.sc.couchbase.com/job/test_suite_executor/,161160
centos-durability_subdoc_syncwrite_failures_6.5_ephemeral_P0_majority,http://qa.sc.couchbase.com/job/test_suite_executor-TAF/,3324
centos-query_prepared_gsi,http://qa.sc.couchbase.com/job/test_suite_executor/,160531
centos-analytics_rest_metadata_replication,http://qa.sc.couchbase.com/job/test_suite_executor-jython/,7728
centos-2i_scan-consistency-single-bucket-memdb,http://qa.sc.couchbase.com/job/test_suite_executor/,160678
centos-nserv_rebalanceout,http://qa.sc.couchbase.com/job/test_suite_executor/,160814
centos-2i_rebalance_red_plasma,http://qa.sc.couchbase.com/job/test_suite_executor/,161241
centos-lcb-sdk-server-upgrade-spock-to-higher,http://sdkbuilds.sc.couchbase.com/view/LCB/job/server-build-test-lcb/job/centos-lcb-sdk-server-upgrade-spock-to-higher/,319
centos-query_misc,http://qa.sc.couchbase.com/job/test_suite_executor/,160509
centos-query_sanity_extended,http://qa.sc.couchbase.com/job/test_suite_executor/,160427
centos-query_prepared-additionaltests,http://qa.sc.couchbase.com/job/test_suite_executor/,160576
centos-query_tools-dynamic_moi,http://qa.sc.couchbase.com/job/test_suite_executor/,160615
centos-cli_server-add,http://qa.sc.couchbase.com/job/test_suite_executor-docker/,29676
centos-eventing_rebalance_source_bucket_mutation_6.5_P1,http://qa.sc.couchbase.com/job/test_suite_executor/,161230
centos-transaction_swap_rebalance_durability_persist_to_majority_6.5_P0_Set2,http://qa.sc.couchbase.com/job/test_suite_executor-TAF/,3032
centos-2i_rebalance_yellow_memdb,http://qa.sc.couchbase.com/job/test_suite_executor/,160848
cen7-sync-gateway-functional-tests-topology-specific-cc,http://uberjenkins.sc.couchbase.com:8080/job/cen7-sync-gateway-functional-tests-topology-specific-cc/,1835
centos-rqg_group_by_alias_6.5_P1,http://qa.sc.couchbase.com/job/test_suite_executor/,160645
centos-durability_bucket_compaction_6.5_P0_majority,http://qa.sc.couchbase.com/job/test_suite_executor-TAF/,3039
centos-analytics_rest_cancel_ddl,http://qa.sc.couchbase.com/job/test_suite_executor-jython/,7734
centos-durability_auto_fail_over_6.5_P1_majority,http://qa.sc.couchbase.com/job/test_suite_executor-TAF/,3426
centos-durability_replica_update_6.5_ephemeral_P1_majority,http://qa.sc.couchbase.com/job/test_suite_executor-TAF/,3319
centos-backup_recovery_rbac,http://qa.sc.couchbase.com/job/test_suite_executor/,160400
centos-rqg_subquery_limit_offset,http://qa.sc.couchbase.com/job/test_suite_executor/,160894
centos-query_index2_gsi,http://qa.sc.couchbase.com/job/test_suite_executor/,160507
centos-eventing_negative,http://qa.sc.couchbase.com/job/test_suite_executor/,161350
centos-backup_recovery_SDK-compression-on-bucket-compression-active,http://qa.sc.couchbase.com/job/test_suite_executor/,161187
centos-xdcr_rebalance-2,http://qa.sc.couchbase.com/job/test_suite_executor/,160715
centos-fts_upgrade,http://qa.sc.couchbase.com/job/test_suite_executor/,161407
centos-query_sanity_extended-2_moi,http://qa.sc.couchbase.com/job/test_suite_executor/,160809
centos-rqg_cte_6.5_P1,http://qa.sc.couchbase.com/job/test_suite_executor/,160609
centos-view_SDK-compression-off-bucket-compression-active,http://qa.sc.couchbase.com/job/test_suite_executor-docker-prod2/,1443
centos-cli_settings-alert,http://qa.sc.couchbase.com/job/test_suite_executor-docker/,29681
centos-ipv6_tools,http://qa.sc.couchbase.com/job/test_suite_executor/,160692
centos-2i_memdb-oom,http://qa.sc.couchbase.com/job/test_suite_executor/,160972
centos-transaction_steady_state_durability_majority_retry_6.5_P0,http://qa.sc.couchbase.com/job/test_suite_executor-TAF/,3416
centos-durability_steady_state_6.5_P1_majority,http://qa.sc.couchbase.com/job/test_suite_executor-TAF/,3146
centos-query_dynamic,http://qa.sc.couchbase.com/job/test_suite_executor/,160512
centos-cli_settings-audit,http://qa.sc.couchbase.com/job/test_suite_executor-docker/,29682
centos-query_tools-nondocs_moi,http://qa.sc.couchbase.com/job/test_suite_executor/,161362
centos-query_xattrs-moi,http://qa.sc.couchbase.com/job/test_suite_executor/,160850
centos-durability_syncwrite_failures_6.5_P0_persist_active,http://qa.sc.couchbase.com/job/test_suite_executor-TAF/,3404
centos-durability_process_crash_6.5_P0_persist_majority,http://qa.sc.couchbase.com/job/test_suite_executor-TAF/,3344
centos-ipv6_2i,http://qa.sc.couchbase.com/job/test_suite_executor/,160580
centos-query_unstable,http://qa.sc.couchbase.com/job/test_suite_executor/,160835
centos-2i_recovery-drop-index-memdb,http://qa.sc.couchbase.com/job/test_suite_executor/,160698
centos-durability_replica_update_6.5_P0_persist_majority,http://qa.sc.couchbase.com/job/test_suite_executor-TAF/,3147
centos-rqg_crud_delete_ops_merge,http://qa.sc.couchbase.com/job/test_suite_executor/,161284
centos-2i_index-partitioning-scans-plasma,http://qa.sc.couchbase.com/job/test_suite_executor/,160370
centos-2i_scan-consistency-multi-bucket-plasma-red,http://qa.sc.couchbase.com/job/test_suite_executor/,160428
centos-view_create,http://qa.sc.couchbase.com/job/test_suite_executor-docker-prod2/,1444
centos-nserv_graceful-cli,http://qa.sc.couchbase.com/job/test_suite_executor/,160458
cen06-P0-ep-vset00-00-dcp,http://qa.sc.couchbase.com/job/cen06-P0-ep-vset00-00-dcp/,955
centos-durability_sdk_timeouts_6.5_ephemeral_P1_majority,http://qa.sc.couchbase.com/job/test_suite_executor-TAF/,3169
centos-rqg_fields_asc_desc_partitioned,http://qa.sc.couchbase.com/job/test_suite_executor/,160616
centos-transaction_durability_majority_and_persist_on_master_auto_retry_P0,http://qa.sc.couchbase.com/job/test_suite_executor-TAF/,3355
centos-2i_create-scan-drop-multi-bucket-memdb,http://qa.sc.couchbase.com/job/test_suite_executor/,160696
cen006-p0-upgra-new_1,http://qa.sc.couchbase.com/job/cen006-p0-upgra-new_1/,557
centos-eventing_topology_source_bucket_op_6.5_P1,http://qa.sc.couchbase.com/job/test_suite_executor/,161244
centos-backup_recovery_mh-enhance_6.5_P0,http://qa.sc.couchbase.com/job/test_suite_executor/,160473
centos-durability_subdoc_syncwrite_failures_6.5_P0_majority,http://qa.sc.couchbase.com/job/test_suite_executor-TAF/,3323
cen006-p0-upgra-new_3,http://qa.sc.couchbase.com/job/cen006-p0-upgra-new_3/,148
centos-sanity_sanity-compression-SDK-off-bucket-compression-active,http://qa.sc.couchbase.com/job/test_suite_executor/,160655
centos-eventing_topology_bucket_op,http://qa.sc.couchbase.com/job/test_suite_executor/,161233
centos-rqg_analytics_count_distinct_scan,http://qa.sc.couchbase.com/job/test_suite_executor/,160544
centos-transaction_rebalance_out_durability_majority_and_persist_on_master_6.5_P0_Set1,http://qa.sc.couchbase.com/job/test_suite_executor-TAF/,3185
centos-ephemeral_2i-deployment-plan-ephemeral,http://qa.sc.couchbase.com/job/test_suite_executor/,160769
centos-transaction_swap_rebalance_durability_majority_and_persist_on_master_6.5_P0_Set1,http://qa.sc.couchbase.com/job/test_suite_executor-TAF/,3420
centos-durability_steady_state_doc_keys_6.5_P0_persist_active,http://qa.sc.couchbase.com/job/test_suite_executor-TAF/,3052
centos-xdcr_filtering-ring-topology_6.5_P1,http://qa.sc.couchbase.com/job/test_suite_executor/,160891
centos-query_covering_moi,http://qa.sc.couchbase.com/job/test_suite_executor/,160742
centos-ephemeral_2i-scan-consistency-multi-bucket-ephemeral-red-SDK-compression-off-bucket-compression-active,http://qa.sc.couchbase.com/job/test_suite_executor/,160744
centos-2i_index-partitioning-clusterops-memdb,http://qa.sc.couchbase.com/job/test_suite_executor/,160907
centos-nserv_swap-rebalance,http://qa.sc.couchbase.com/job/test_suite_executor/,160466
centos-epeng_dockeys_ephemeral,http://qa.sc.couchbase.com/job/test_suite_executor-docker/,29657
centos-net-sdk-server-situational-tests,http://sdkbuilds.sc.couchbase.com/view/.NET/job/server-build-test-net/job/centos-net-sdk-server-situational-tests/,590
centos-nserv_nserv-rebalanceinout_P0_Set1_compression,http://qa.sc.couchbase.com/job/test_suite_executor/,160445
centos-ipv6_xdcr,http://qa.sc.couchbase.com/job/test_suite_executor/,160739
centos-ephemeral_2i-scan-consistency-multi-bucket-ephemeral-green,http://qa.sc.couchbase.com/job/test_suite_executor/,160767
centos-durability_steady_state_large_docs_6.5_P1_persist_majority,http://qa.sc.couchbase.com/job/test_suite_executor-TAF/,3141
centos-xdcr_online-upgrade-eph,http://qa.sc.couchbase.com/job/test_suite_executor/,161365
centos-tunable_basic_ops,http://qa.sc.couchbase.com/job/test_suite_executor-docker-prod2/,1440
centos-transaction_newfailover_durability_majority_6.5_P0_Set1,http://qa.sc.couchbase.com/job/test_suite_executor-TAF/,3022
centos-durability_steady_state_doc_keys_6.5_ephemeral_P0_majority,http://qa.sc.couchbase.com/job/test_suite_executor-TAF/,3040
centos-transaction_multi_bucket_durability_majority_6.5_P0_Set2,http://qa.sc.couchbase.com/job/test_suite_executor-TAF/,3184
centos-nserv_rebalance_high_ops,http://qa.sc.couchbase.com/job/test_suite_executor/,161271
centos-backup_recovery_merge-dgm,http://qa.sc.couchbase.com/job/test_suite_executor/,161393
centos-durability_rebalance_out_durabilitybreaks_rebalance_in_persist_active_6.5_P1,http://qa.sc.couchbase.com/job/test_suite_executor-TAF/,3151
centos-2i_index-stats-plasma,http://qa.sc.couchbase.com/job/test_suite_executor/,160385
cen006-p0-upgra-old_500_501,http://qa.sc.couchbase.com/job/cen006-p0-upgra-old_500_501/,119
centos-ephemeral_2i-rebalance,http://qa.sc.couchbase.com/job/test_suite_executor/,161409
centos-xdcr_capi,http://qa.sc.couchbase.com/job/test_suite_executor/,160723
centos-2i_create-scan-drop-multi-bucket-plasma,http://qa.sc.couchbase.com/job/test_suite_executor/,160347
centos-cli_bucket-create,http://qa.sc.couchbase.com/job/test_suite_executor-docker/,29656
centos-eventing_rebalance_bucket_op,http://qa.sc.couchbase.com/job/test_suite_executor/,161339
centos-durability_steady_state_multibucket_6.5_P0_persist_active,http://qa.sc.couchbase.com/job/test_suite_executor-TAF/,3209
centos-query_chained_let_moi_6.5_P1,http://qa.sc.couchbase.com/job/test_suite_executor/,160626
centos-fts_stabletopologyP1-scorch,http://qa.sc.couchbase.com/job/test_suite_executor/,161150
centos-nserv_rebalanceinout_P0_Set2-ephemeral,http://qa.sc.couchbase.com/job/test_suite_executor/,161273
centos-durability_steady_state_doc_keys_6.5_P0_majority,http://qa.sc.couchbase.com/job/test_suite_executor-TAF/,3198
centos-nserv_nserv-rebalance_start_stop_tests,http://qa.sc.couchbase.com/job/test_suite_executor/,161413
centos-durability_steady_state_multibucket_6.5_P0_persist_majority,http://qa.sc.couchbase.com/job/test_suite_executor-TAF/,3109
centos-query_cbqshell_moi,http://qa.sc.couchbase.com/job/test_suite_executor/,161381
centos-transaction_steady_state_diff_doc_size_durability_majority_6.5_P0_Set1,http://qa.sc.couchbase.com/job/test_suite_executor-TAF/,3126
centos-analytics_rest_cbas_partitions,http://qa.sc.couchbase.com/job/test_suite_executor-jython/,7730
centos-analytics_scan_consistency_6.5_P0,http://qa.sc.couchbase.com/job/test_suite_executor-jython/,7748
centos-rqg_pushdown,http://qa.sc.couchbase.com/job/test_suite_executor/,160859
cen-nserv-autofailover-multi-node-failover,http://qa.sc.couchbase.com/job/cen-nserv-autofailover-multi-node-failover/,223
centos-query_date-time-functions_gsi,http://qa.sc.couchbase.com/job/test_suite_executor/,160510
centos-2i_basic-integration-plasma,http://qa.sc.couchbase.com/job/test_suite_executor/,160325
centos-analytics_rest_error_response,http://qa.sc.couchbase.com/job/test_suite_executor-jython/,7735
centos-durability_auto_fail_over_6.5_P1_persist_majority,http://qa.sc.couchbase.com/job/test_suite_executor-TAF/,3428
centos-query_aggr_pushdown_array,http://qa.sc.couchbase.com/job/test_suite_executor/,160417
centos-epeng_replicaread_ephemeral,http://qa.sc.couchbase.com/job/test_suite_executor-docker/,29655
centos-xdcr_lww-p0,http://qa.sc.couchbase.com/job/test_suite_executor/,161206
centos-xdcr_compression-SDK-on-bucket-compression-active,http://qa.sc.couchbase.com/job/test_suite_executor/,160837
centos-2i_replica-indexes-plasma-P0,http://qa.sc.couchbase.com/job/test_suite_executor/,160377
centos-query_cte_moi_6.5_P1,http://qa.sc.couchbase.com/job/test_suite_executor/,160641
cen006-P0-converg-xattrs-vset0-00-subdoc-nested-data,http://qa.sc.couchbase.com/job/cen006-P0-converg-xattrs-vset0-00-subdoc-nested-data/,659
centos-fts_custom-map-rqg-scorch,http://qa.sc.couchbase.com/job/test_suite_executor/,160546
centos-ephemeral_2i-scan-consistency-single-bucket-ephemeral,http://qa.sc.couchbase.com/job/test_suite_executor/,160751
centos-eventing_dataset,http://qa.sc.couchbase.com/job/test_suite_executor/,160778
centos-durability_steady_state_subdoc_6.5_ephemeral_P0_majority,http://qa.sc.couchbase.com/job/test_suite_executor-TAF/,3063
centos-eventing_rqg,http://qa.sc.couchbase.com/job/test_suite_executor/,160806
centos-durability_rebalance_in_out_persist_majority_6.5_P0,http://qa.sc.couchbase.com/job/test_suite_executor-TAF/,3233
centos-durability_rebalance_out_durabilitybreaks_rebalance_in_persist_majority_6.5_P1,http://qa.sc.couchbase.com/job/test_suite_executor-TAF/,3072
centos-xdcr_unidirectional-ssl-eph-2,http://qa.sc.couchbase.com/job/test_suite_executor/,160883
centos-cli_server-readd,http://qa.sc.couchbase.com/job/test_suite_executor-docker/,29679
centos-2i_recovery-query-index-kv-plasma,http://qa.sc.couchbase.com/job/test_suite_executor/,161079
centos-query_tools-dml,http://qa.sc.couchbase.com/job/test_suite_executor/,160363
centos-analytics_rest_rbac,http://qa.sc.couchbase.com/job/test_suite_executor-jython/,7724
centos-query_upgrade_moi,http://qa.sc.couchbase.com/job/test_suite_executor/,161383
centos-xdcr_bidirectional,http://qa.sc.couchbase.com/job/test_suite_executor/,161152
centos-nserv_nserv-rebalanceinout_P0_Set1,http://qa.sc.couchbase.com/job/test_suite_executor/,160727
centos-durability_rebalance_swap_majority_6.5_P1,http://qa.sc.couchbase.com/job/test_suite_executor-TAF/,3386
centos-query_clusterops-2_moi,http://qa.sc.couchbase.com/job/test_suite_executor/,160851
centos-geo_sanity_02,http://qa.sc.couchbase.com/job/test_suite_executor-docker-prod2/,1433
centos-durability_steady_state_dgm_6.5_P1_persist_active,http://qa.sc.couchbase.com/job/test_suite_executor-TAF/,3253
centos-nonroot-os_certify-bucket_ops,http://qa.sc.couchbase.com/job/centos-nonroot-os_certify-bucket_ops/,247
centos-nonroot-os_certify-analytics,http://qa.sc.couchbase.com/job/centos-nonroot-os_certify-analytics/,207
centos-rqg_analytics_union,http://qa.sc.couchbase.com/job/test_suite_executor/,160550
centos-backup_recovery_offline-upgrade,http://qa.sc.couchbase.com/job/test_suite_executor/,160728
centos-2i_unhandled-index-items-memdb,http://qa.sc.couchbase.com/job/test_suite_executor/,160684
centos-query_covering-2_moi,http://qa.sc.couchbase.com/job/test_suite_executor/,160656
centos-rqg_crud_update_ops_merge,http://qa.sc.couchbase.com/job/test_suite_executor/,160604
centos-durability_fail_over_6.5_P0_majority,http://qa.sc.couchbase.com/job/test_suite_executor-TAF/,3116
centos-durability_rebalance_in_majority_6.5_P0,http://qa.sc.couchbase.com/job/test_suite_executor-TAF/,3118
centos-transaction_swap_rebalance_durability_majority_6.5_P0_Set1,http://qa.sc.couchbase.com/job/test_suite_executor-TAF/,3026
centos-query_subquery_moi,http://qa.sc.couchbase.com/job/test_suite_executor/,160709
centos-durability_steady_state_large_docs_6.5_P0_persist_active,http://qa.sc.couchbase.com/job/test_suite_executor-TAF/,3202
centos-query_tools-dynamic,http://qa.sc.couchbase.com/job/test_suite_executor/,160453
centos-rqg_aggregate_functions,http://qa.sc.couchbase.com/job/test_suite_executor/,160561
centos-transaction_param_update_durability_majority_6.5_P0_Set1,http://qa.sc.couchbase.com/job/test_suite_executor-TAF/,3305
centos-query_aggr_pushdown_nonarray,http://qa.sc.couchbase.com/job/test_suite_executor/,160389
cen006-p0-upgra-old_510_hostname,http://qa.sc.couchbase.com/job/cen006-p0-upgra-old_510_hostname/,131
centos-view_ext-query2,http://qa.sc.couchbase.com/job/test_suite_executor-docker-prod2/,1450
cen006-p0-upgra-new-with-services-500_501_b,http://qa.sc.couchbase.com/job/cen006-p0-upgra-new-with-services-500_501_b/,114
centos-transaction_autofailover_durability_majority_and_persist_on_master_6.5_P0_Set1,http://qa.sc.couchbase.com/job/test_suite_executor-TAF/,3380
cen7-sync-gateway-functional-tests-topology-specific-cc-converg,http://uberjenkins.sc.couchbase.com:8080/job/cen7-sync-gateway-functional-tests-topology-specific-cc-converg/,1123
centos-tunable_rebalance-in-out-SDK-compression-on,http://qa.sc.couchbase.com/job/test_suite_executor-docker-prod2/,1439
centos-nonroot-os_certify-view,http://qa.sc.couchbase.com/job/centos-nonroot-os_certify-view/,266
centos-transaction_rebalance_in_out_durability_majority_and_persist_on_master_6.5_P0_Set1,http://qa.sc.couchbase.com/job/test_suite_executor-TAF/,3400
centos-transaction_durability_persist_to_majority_auto_retry_P1,http://qa.sc.couchbase.com/job/test_suite_executor-TAF/,3358
centos-rqg_crud_delete_ops_partitioned,http://qa.sc.couchbase.com/job/test_suite_executor/,161285
centos-analytics_rest_cluster_operations_failover,http://qa.sc.couchbase.com/job/test_suite_executor-jython/,7718
centos-analytics_rest_log_redaction_6.5_P1,http://qa.sc.couchbase.com/job/test_suite_executor-jython/,7736
centos-analytics_multinode-failover,http://qa.sc.couchbase.com/job/test_suite_executor-jython/,7709
centos-subdoc_negative,http://qa.sc.couchbase.com/job/test_suite_executor/,160409
centos-view_create-all,http://qa.sc.couchbase.com/job/test_suite_executor-docker-prod2/,1445
centos-eventing_bucket,http://qa.sc.couchbase.com/job/test_suite_executor/,161219
centos-durability_syncwrite_failures_6.5_ephemeral_P0_majority,http://qa.sc.couchbase.com/job/test_suite_executor-TAF/,3138
centos-durability_maxttl_6.5_P0_majority,http://qa.sc.couchbase.com/job/test_suite_executor-TAF/,3432
centos-2i_index-stats-memdb,http://qa.sc.couchbase.com/job/test_suite_executor/,160614
centos-durability_steady_state_subdoc_xattr_6.5_P0_persist_majority,http://qa.sc.couchbase.com/job/test_suite_executor-TAF/,3396
centos-2i_alter-index-memdb,http://qa.sc.couchbase.com/job/test_suite_executor/,161281
centos-eventing_rebalance_n1ql_op_with_timers,http://qa.sc.couchbase.com/job/test_suite_executor/,161585
centos-2i_drop-based-recovery-dgm-plasma,http://qa.sc.couchbase.com/job/test_suite_executor/,160568
centos-ephemeral_2i-index-stats-ephemeral,http://qa.sc.couchbase.com/job/test_suite_executor/,160761
centos-durability_steady_state_6.5_P0_persist_majority,http://qa.sc.couchbase.com/job/test_suite_executor-TAF/,3402
centos-view_dgm,http://qa.sc.couchbase.com/job/test_suite_executor-docker-prod2/,1449
centos-2i_rebalance_green_SDK-compression-on-bucket-compression-active_plasma,http://qa.sc.couchbase.com/job/test_suite_executor/,161403
centos-cli_connectionstests,http://qa.sc.couchbase.com/job/test_suite_executor-docker/,29668
centos-ipv6_eventing,http://qa.sc.couchbase.com/job/test_suite_executor/,160592
centos-transaction_crash_test_durability_majority_and_persist_on_master_6.5_P0_Set1,http://qa.sc.couchbase.com/job/test_suite_executor-TAF/,3013
centos-nserv_auto-failover,http://qa.sc.couchbase.com/job/test_suite_executor/,160441
centos-view_query-negative,http://qa.sc.couchbase.com/job/test_suite_executor-docker-prod2/,1447
centos-xdcr_rebalance-ssl-2,http://qa.sc.couchbase.com/job/test_suite_executor/,160804
centos-durability_process_crash_6.5_P0_majority,http://qa.sc.couchbase.com/job/test_suite_executor-TAF/,3343
centos-query_build_index_expressions_6.5_P1,http://qa.sc.couchbase.com/job/test_suite_executor/,160477
centos-2i_load-balancing-plasma,http://qa.sc.couchbase.com/job/test_suite_executor/,160386
centos-java-sdk-server-upgrade-spock-to-higher,http://sdkbuilds.sc.couchbase.com/view/JAVA/job/server-build-test-java/job/centos-java-sdk-server-upgrade-spock-to-higher/,78
centos-2i_recovery-query-index-kv-memdb,http://qa.sc.couchbase.com/job/test_suite_executor/,161405
centos-transaction_steady_state_durability_majority_and_persist_on_master_6.5_P0,http://qa.sc.couchbase.com/job/test_suite_executor-TAF/,3339
centos-nonroot-os_certify-n1ql,http://qa.sc.couchbase.com/job/centos-nonroot-os_certify-n1ql/,249
centos-query_vset-ro,http://qa.sc.couchbase.com/job/test_suite_executor/,160461
centos-xdcr_lww-p0-eph,http://qa.sc.couchbase.com/job/test_suite_executor/,160697
centos-durability_rebalance_out_persist_active_6.5_P0,http://qa.sc.couchbase.com/job/test_suite_executor-TAF/,3046
cen006-nserv-autofailover-restart-server,http://qa.sc.couchbase.com/job/cen006-nserv-autofailover-restart-server/,400
centos-xdcr_filtering-star-topology_6.5_P1,http://qa.sc.couchbase.com/job/test_suite_executor/,160965
centos-epeng_bucket,http://qa.sc.couchbase.com/job/test_suite_executor/,160421
centos-query_ansi_nest_unnest,http://qa.sc.couchbase.com/job/test_suite_executor/,160391
centos-epeng_connection_ephemeral,http://qa.sc.couchbase.com/job/test_suite_executor-docker/,29653
centos-query_nondocs_moi,http://qa.sc.couchbase.com/job/test_suite_executor/,160763
centos-xdcr_pause-resume-p1,http://qa.sc.couchbase.com/job/test_suite_executor/,160820
centos-2i_scan-consistency-multi-bucket-plasma-green,http://qa.sc.couchbase.com/job/test_suite_executor/,160393
centos-query_misc_moi,http://qa.sc.couchbase.com/job/test_suite_executor/,161169
centos-durability_sdk_timeouts_6.5_P0_persist_majority,http://qa.sc.couchbase.com/job/test_suite_executor-TAF/,3296
centos-backup_recovery_01-02-eph,http://qa.sc.couchbase.com/job/test_suite_executor/,161391
centos-query_rbac-n1ql,http://qa.sc.couchbase.com/job/test_suite_executor/,160434
centos-query_options_moi,http://qa.sc.couchbase.com/job/test_suite_executor/,160867
centos-nonroot-os_certify-eventing,http://qa.sc.couchbase.com/job/centos-nonroot-os_certify-eventing/,202
centos-query_skip_range_key_scan_moi_6.5_P1,http://qa.sc.couchbase.com/job/test_suite_executor/,160707
centos-query_nulls,http://qa.sc.couchbase.com/job/test_suite_executor/,160517
centos-durability_bucket_compaction_6.5_P0_persist_majority,http://qa.sc.couchbase.com/job/test_suite_executor-TAF/,3192
centos-durability_rebalance_in_out_ephemeral_majority_6.5_P0,http://qa.sc.couchbase.com/job/test_suite_executor-TAF/,3231
centos-query_covering_gsi,http://qa.sc.couchbase.com/job/test_suite_executor/,160496
centos-durability_tunable_rebalance_out_majority_6.5_P0,http://qa.sc.couchbase.com/job/test_suite_executor-TAF/,3362
centos-fts_ephemeral,http://qa.sc.couchbase.com/job/test_suite_executor/,160717
centos-nserv_swap-rebalance-ephemeral,http://qa.sc.couchbase.com/job/test_suite_executor/,160478
centos-2i_alter-index-plasma,http://qa.sc.couchbase.com/job/test_suite_executor/,161000
centos-2i_multiscan_with_offset_and_distinct_memdb,http://qa.sc.couchbase.com/job/test_suite_executor/,160534
centos-geo_sanity_03,http://qa.sc.couchbase.com/job/test_suite_executor-docker-prod2/,1434
centos-analytics_rest_secondary_indexes_metadata_replication,http://qa.sc.couchbase.com/job/test_suite_executor-jython/,7742
centos-transaction_steady_state_durability_persist_to_majority_retry_6.5_P0,http://qa.sc.couchbase.com/job/test_suite_executor-TAF/,3417
centos-rqg_unions,http://qa.sc.couchbase.com/job/test_suite_executor/,160896
centos-net-sdk-vulcan-ipv6,http://sdkbuilds.sc.couchbase.com/job/centos-net-sdk-vulcan-ipv6/,206
centos-durability_steady_state_subdoc_xattr_6.5_P0_persist_active,http://qa.sc.couchbase.com/job/test_suite_executor-TAF/,3395
centos-query_order-by-nulls-first-last_6.5_P1,http://qa.sc.couchbase.com/job/test_suite_executor/,160524
cen006-p0-upgra-new-with-services-500_501_a,http://qa.sc.couchbase.com/job/cen006-p0-upgra-new-with-services-500_501_a/,135
centos-eventing_recovery_source_bucket_mutation_6.5_P1,http://qa.sc.couchbase.com/job/test_suite_executor/,160821
centos-xdcr_rebalance-ssl-eph-2,http://qa.sc.couchbase.com/job/test_suite_executor/,160822
centos-transaction_multi_bucket_durability_persist_to_majority_6.5_P0,http://qa.sc.couchbase.com/job/test_suite_executor-TAF/,3341
centos-subdoc_autotest-dgm,http://qa.sc.couchbase.com/job/test_suite_executor/,160521
centos-durability_rebalance_in_ephemeral_majority_6.5_P0,http://qa.sc.couchbase.com/job/test_suite_executor-TAF/,3273
centos-ephemeral_2i-recovery-query-index-ephemeral,http://qa.sc.couchbase.com/job/test_suite_executor/,160893
centos-rqg_subquery_partitioned,http://qa.sc.couchbase.com/job/test_suite_executor/,160895
centos-cli_group-manage,http://qa.sc.couchbase.com/job/test_suite_executor-docker/,29669
centos-query_ephm-1-node,http://qa.sc.couchbase.com/job/test_suite_executor/,161170
centos-transaction_crash_test_durability_majority_6.5_P1,http://qa.sc.couchbase.com/job/test_suite_executor-TAF/,3132
centos-transaction_rebalancein_6.5_durability_majority_P0,http://qa.sc.couchbase.com/job/test_suite_executor-TAF/,3244
centos-analytics_rest_cbas_query_management,http://qa.sc.couchbase.com/job/test_suite_executor-jython/,7714
centos-durability_subdoc_syncwrite_failures_6.5_P0_persist_active,http://qa.sc.couchbase.com/job/test_suite_executor-TAF/,3070
centos-2i_alter-index-replicas_6.5_P1,http://qa.sc.couchbase.com/job/test_suite_executor/,160397
centos-query_sanity_extended-2,http://qa.sc.couchbase.com/job/test_suite_executor/,160446
centos-cli_recovery,http://qa.sc.couchbase.com/job/test_suite_executor-docker/,29675
centos-analytics_rest_backlog,http://qa.sc.couchbase.com/job/test_suite_executor-jython/,7738
centos-durability_rebalance_swap_ephemeral_majority_6.5_P0,http://qa.sc.couchbase.com/job/test_suite_executor-TAF/,3171
centos-nserv_rebalancein-ephemeral,http://qa.sc.couchbase.com/job/test_suite_executor/,161151
centos-java-sdk-server-situational-tests,http://sdkbuilds.sc.couchbase.com/view/JAVA/job/server-build-test-java/job/centos-java-sdk-server-situational-tests/,29
centos-ipv6_analytics_metadata_repl_ingest_interrupt,http://qa.sc.couchbase.com/job/test_suite_executor-jython/,7731
centos-backup_recovery_1c,http://qa.sc.couchbase.com/job/test_suite_executor/,161414
centos-durability_rebalance_out_durabilitybreaks_rebalance_in_persist_active_6.5_P0,http://qa.sc.couchbase.com/job/test_suite_executor-TAF/,3092
centos-transaction_concurrency_durability_majority_and_persist_on_master_6.5_P0_Set1,http://qa.sc.couchbase.com/job/test_suite_executor-TAF/,3275
centos-logredaction_partial,http://qa.sc.couchbase.com/job/test_suite_executor/,160831
centos-query_n1ql_fts_integration_phase2_functional_6.5_P1,http://qa.sc.couchbase.com/job/test_suite_executor/,160367
centos-eventing_logging,http://qa.sc.couchbase.com/job/test_suite_executor/,160795
centos-rqg_analytics_numeric_string_date_time,http://qa.sc.couchbase.com/job/test_suite_executor/,160552
centos-nonroot-os_certify-ent-backup-recovery,http://qa.sc.couchbase.com/job/centos-nonroot-os_certify-ent-backup-recovery/,237
centos-cli_imex_SDK-compression-on-bucket-compression-active,http://qa.sc.couchbase.com/job/test_suite_executor/,161417
cen006-P0-converg-xattrs-vset0-03-xdcr-sg,http://qa.sc.couchbase.com/job/cen006-P0-converg-xattrs-vset0-03-xdcr-sg/,422
centos-durability_rebalance_out_ephemeral_majority_6.5_P1,http://qa.sc.couchbase.com/job/test_suite_executor-TAF/,3156
centos-cli_settings-notification,http://qa.sc.couchbase.com/job/test_suite_executor-docker/,29686
centos-cli_import-export-2,http://qa.sc.couchbase.com/job/test_suite_executor/,161431
centos-durability_bucket_compaction_6.5_P0_persist_active,http://qa.sc.couchbase.com/job/test_suite_executor-TAF/,3191
centos-query_sanity-SDK-compression-on-bucket-compression-active-3,http://qa.sc.couchbase.com/job/test_suite_executor/,160423
centos-security_x509_services,http://qa.sc.couchbase.com/job/test_suite_executor/,160582
centos-epeng_dcp_ephemeral,http://qa.sc.couchbase.com/job/test_suite_executor-docker/,29649
centos-cli_tools,http://qa.sc.couchbase.com/job/test_suite_executor-docker/,29689
centos-xdcr_offline-upgrade,http://qa.sc.couchbase.com/job/test_suite_executor/,160677
centos-epeng_eviction_ephemeral,http://qa.sc.couchbase.com/job/test_suite_executor-docker/,29651
centos-nserv_rebalance_persistence_snap_validate_ephemeral,http://qa.sc.couchbase.com/job/test_suite_executor/,160857
centos-durability_tunable_rebalance_swap_majority_6.5_P0,http://qa.sc.couchbase.com/job/test_suite_executor-TAF/,3365
centos-2i_multiscan-plasma,http://qa.sc.couchbase.com/job/test_suite_executor/,160332
centos-fts_moving-topology-P0,http://qa.sc.couchbase.com/job/test_suite_executor/,161243
centos-query_tools-nondocs_gsi,http://qa.sc.couchbase.com/job/test_suite_executor/,161356
centos-cli_offline-upgrade-rbac,http://qa.sc.couchbase.com/job/test_suite_executor/,160946
centos-query_n1ql_fts_integration_clusterops_6.5_P2,http://qa.sc.couchbase.com/job/test_suite_executor/,160871
centos-backup_recovery_merge-binary,http://qa.sc.couchbase.com/job/test_suite_executor/,161404
centos-durability_sdk_timeouts_6.5_P0_majority,http://qa.sc.couchbase.com/job/test_suite_executor-TAF/,3053
cen7-2i-plasma-set5-job1-upgrade-5-0-1_RED,http://qa.sc.couchbase.com/job/cen7-2i-plasma-set5-job1-upgrade-5-0-1_RED/,136
cen-nserv-autofailover-disk-failure,http://qa.sc.couchbase.com/job/cen-nserv-autofailover-disk-failure/,197
centos-eventing_topology_bucket_op_with_cron_timers,http://qa.sc.couchbase.com/job/test_suite_executor/,160974
centos-transaction_durability_majority_and_persist_on_master_auto_retry_P1,http://qa.sc.couchbase.com/job/test_suite_executor-TAF/,3356
centos-cli_settings-index,http://qa.sc.couchbase.com/job/test_suite_executor-docker/,29684
centos-ephemeral_2i-recovery-add-index-ephemeral,http://qa.sc.couchbase.com/job/test_suite_executor/,160793
cen007-4node-2core-QESanity,http://qa.sc.couchbase.com/job/cen007-4node-2core-QESanity/,1010
centos-query_enhancements,http://qa.sc.couchbase.com/job/test_suite_executor/,160775
centos-2i_index-partitioning-scans-memdb,http://qa.sc.couchbase.com/job/test_suite_executor/,160955
cen007-goxdcr-ipv6-compatibility,http://qa.sc.couchbase.com/job/cen007-goxdcr-ipv6-compatibility/,153
centos-query_curl_moi,http://qa.sc.couchbase.com/job/test_suite_executor/,160745
centos-xdcr_offline-upgrade-eph,http://qa.sc.couchbase.com/job/test_suite_executor/,161364
centos-nserv_failover_persistence_snap_validate,http://qa.sc.couchbase.com/job/test_suite_executor/,160855
centos-ephemeral_2i-recovery-drop-index-ephemeral,http://qa.sc.couchbase.com/job/test_suite_executor/,160800
centos-query_array-indexing-2_moi,http://qa.sc.couchbase.com/job/test_suite_executor/,160737
centos-durability_syncwrite_failures_6.5_P0_persist_majority,http://qa.sc.couchbase.com/job/test_suite_executor-TAF/,3376
cen7-2i-plasma-set5-job1-upgrade-5-1-0_RED,http://qa.sc.couchbase.com/job/cen7-2i-plasma-set5-job1-upgrade-5-1-0_RED/,132
cen006-p1-epeng-vset01-00-memory-sanity-extended,http://qa.sc.couchbase.com/job/cen006-p1-epeng-vset01-00-memory-sanity-extended/,546
centos-query_array-indexing,http://qa.sc.couchbase.com/job/test_suite_executor/,161165
centos-fts_sanity,http://qa.sc.couchbase.com/job/test_suite_executor/,161158
centos-query_joins_moi,http://qa.sc.couchbase.com/job/test_suite_executor/,160757
centos-eventing_rebalance_source_bucket_mutation_6.5_P0,http://qa.sc.couchbase.com/job/test_suite_executor/,161341
centos-2i_recovery-add-index-plasma,http://qa.sc.couchbase.com/job/test_suite_executor/,160323
cen006-nserv-autofailover-memcached,http://qa.sc.couchbase.com/job/cen006-nserv-autofailover-memcached/,340
centos-nserv_auto-failover-aborts-rebalance_6.5_P0,http://qa.sc.couchbase.com/job/test_suite_executor/,160464
centos-fts_geo-scorch,http://qa.sc.couchbase.com/job/test_suite_executor/,160635
centos-security_x509_cli_p0,http://qa.sc.couchbase.com/job/test_suite_executor/,160558
centos-durability_steady_state_large_docs_6.5_P1_persist_active,http://qa.sc.couchbase.com/job/test_suite_executor-TAF/,3203
centos-xdcr_filtering-chain-topology-eph_6.5_P1,http://qa.sc.couchbase.com/job/test_suite_executor/,160685
centos-2i_replica-indexes-memdb-P0,http://qa.sc.couchbase.com/job/test_suite_executor/,160956
centos-xdcr_adv-filtering-1_6.5_P0,http://qa.sc.couchbase.com/job/test_suite_executor/,160731
centos-query_n1ql_fts_integration_phase1_6.5_P1,http://qa.sc.couchbase.com/job/test_suite_executor/,160470
centos-nonroot-os_certify-fts,http://qa.sc.couchbase.com/job/centos-nonroot-os_certify-fts/,257
centos-rqg_crud_delete_ops,http://qa.sc.couchbase.com/job/test_suite_executor/,160599
centos-durability_steady_state_subdoc_6.5_P0_persist_majority,http://qa.sc.couchbase.com/job/test_suite_executor-TAF/,3090
centos-fts_stabletopologyP0-scorch,http://qa.sc.couchbase.com/job/test_suite_executor/,161161
centos-2i_recovery-drop-index-with-kvOps-memdb,http://qa.sc.couchbase.com/job/test_suite_executor/,160705
centos-durability_auto_fail_over_6.5_P0_majority,http://qa.sc.couchbase.com/job/test_suite_executor-TAF/,3423
cen006-nserv-autofailover-server-stop,http://qa.sc.couchbase.com/job/cen006-nserv-autofailover-server-stop/,452
centos-2i_multiscan-memdb,http://qa.sc.couchbase.com/job/test_suite_executor/,160533
centos-eventing_recovery_bucket_op_curl_6.5_P1,http://qa.sc.couchbase.com/job/test_suite_executor/,160810
centos-nserv_failover,http://qa.sc.couchbase.com/job/test_suite_executor/,160488
centos-xdcr_checkpointing,http://qa.sc.couchbase.com/job/test_suite_executor/,160924
centos-rqg_crud_update_ops,http://qa.sc.couchbase.com/job/test_suite_executor/,160603
centos-sanity_sanity-compression-SDK-on-bucket-compression-off,http://qa.sc.couchbase.com/job/test_suite_executor/,161181
centos-query_index3_gsi,http://qa.sc.couchbase.com/job/test_suite_executor/,160404
centos-xdcr_capi-eph,http://qa.sc.couchbase.com/job/test_suite_executor/,161194
centos-xdcr_prioritization_6.5_P1,http://qa.sc.couchbase.com/job/test_suite_executor/,160816
centos-2i_doc-key-size-memdb-P0,http://qa.sc.couchbase.com/job/test_suite_executor/,160702
cen7-2i-plasma-set5-job1-upgrade-5-0-1-int64,http://qa.sc.couchbase.com/job/cen7-2i-plasma-set5-job1-upgrade-5-0-1-int64/,137
centos-fts_defmap-P1,http://qa.sc.couchbase.com/job/test_suite_executor/,160618
centos-durability_rebalance_in_out_persist_majority_6.5_P1,http://qa.sc.couchbase.com/job/test_suite_executor-TAF/,3234
centos-fts_index_management_api_6.5_P1,http://qa.sc.couchbase.com/job/test_suite_executor/,160549
centos-cli_import-export-1,http://qa.sc.couchbase.com/job/test_suite_executor/,161430
centos-analytics_rest_deep_comparison_6.5_P1,http://qa.sc.couchbase.com/job/test_suite_executor-jython/,7711
centos-subdoc_autotest-scenarios,http://qa.sc.couchbase.com/job/test_suite_executor/,160668
centos-transaction_steady_state_durability_majority_and_persist_on_master_retry_6.5_P0,http://qa.sc.couchbase.com/job/test_suite_executor-TAF/,3415
centos-transaction_rebalance_in_durability_persist_to_majority_6.5_P0_Set1,http://qa.sc.couchbase.com/job/test_suite_executor-TAF/,3414
centos-xdcr_online-upgrade,http://qa.sc.couchbase.com/job/test_suite_executor/,160694
centos-durability_fail_over_6.5_P1_persist_majority,http://qa.sc.couchbase.com/job/test_suite_executor-TAF/,3084
centos-eventing_rebalance_negative,http://qa.sc.couchbase.com/job/test_suite_executor/,161227
cen7-2i-set4-job1-functional2itests,http://qa.sc.couchbase.com/job/cen7-2i-set4-job1-functional2itests/,1314
centos-analytics_rest_logging,http://qa.sc.couchbase.com/job/test_suite_executor-jython/,7744
centos-rqg_functions_numeric_string_datetime_partitioned,http://qa.sc.couchbase.com/job/test_suite_executor/,160644
centos-durability_rebalance_in_majority_6.5_P1,http://qa.sc.couchbase.com/job/test_suite_executor-TAF/,3155
centos-xdcr_unstable,http://qa.sc.couchbase.com/job/test_suite_executor/,161366
centos-durability_replica_update_6.5_P0_majority,http://qa.sc.couchbase.com/job/test_suite_executor-TAF/,3393
centos-2i_unhandled-index-items-plasma,http://qa.sc.couchbase.com/job/test_suite_executor/,160687
centos-fts_sanity-client-comp-on-bucket-comp-on,http://qa.sc.couchbase.com/job/test_suite_executor/,160551
centos-rqg_subquery,http://qa.sc.couchbase.com/job/test_suite_executor/,160892
centos-epeng_replicaread,http://qa.sc.couchbase.com/job/test_suite_executor/,160429
centos-durability_sdk_timeouts_6.5_P1_persist_active,http://qa.sc.couchbase.com/job/test_suite_executor-TAF/,3158
centos-xdcr_bidirectional-ssl,http://qa.sc.couchbase.com/job/test_suite_executor/,160662
centos-view_addnquery,http://qa.sc.couchbase.com/job/test_suite_executor-docker-prod2/,1446
centos-fts_defmap-P0-scorch,http://qa.sc.couchbase.com/job/test_suite_executor/,160331
centos-durability_replica_update_6.5_P0_persist_active,http://qa.sc.couchbase.com/job/test_suite_executor-TAF/,3262
centos-cli_node-init,http://qa.sc.couchbase.com/job/test_suite_executor-docker/,29672
cen006-p0-mobileupgrade-serverupgrade-sg-cbliteios,http://uberjenkins.sc.couchbase.com:8080/job/cen006-p0-mobileupgrade-serverupgrade-sg-cbliteios/,1042
centos-cli_imex_SDK-compression-off-bucket-compression-active,http://qa.sc.couchbase.com/job/test_suite_executor/,161416
centos-go-sdk-qe-feature-tests,http://sdkbuilds.sc.couchbase.com/view/GO/job/server-build-test-go/job/centos-go-sdk-qe-feature-tests/,189
centos-2i_alter-index-replicas_6.5_P2,http://qa.sc.couchbase.com/job/test_suite_executor/,161402
centos-fts_sanity-client-comp-off-bucket-comp-on,http://qa.sc.couchbase.com/job/test_suite_executor/,160532
centos-ipv6_query-2,http://qa.sc.couchbase.com/job/test_suite_executor/,160661
centos-query_index_unnest,http://qa.sc.couchbase.com/job/test_suite_executor/,160406
centos-eventing_lifecycle,http://qa.sc.couchbase.com/job/test_suite_executor/,160782
centos-query_array-indexing-3,http://qa.sc.couchbase.com/job/test_suite_executor/,160475
cen006-nserv-autofailover-buckets,http://qa.sc.couchbase.com/job/cen006-nserv-autofailover-buckets/,403
centos-durability_rebalance_out_persist_active_6.5_P1,http://qa.sc.couchbase.com/job/test_suite_executor-TAF/,3060
centos-2i_query-based-recovery-dgm-plasma-P1,http://qa.sc.couchbase.com/job/test_suite_executor/,160637
centos-rqg_scalar_functions_6.5_P1,http://qa.sc.couchbase.com/job/test_suite_executor/,160889
centos-rqg_analytics_ansi_joins,http://qa.sc.couchbase.com/job/test_suite_executor/,160538
centos-2i_alter-index-replicas_6.5_P0,http://qa.sc.couchbase.com/job/test_suite_executor/,160387
centos-analytics_rest_storage_compression_6.5_P1,http://qa.sc.couchbase.com/job/test_suite_executor-jython/,7726
centos-eventing_rebalance_bucket_op_curl_6.5_P0,http://qa.sc.couchbase.com/job/test_suite_executor/,160481
centos-durability_rebalance_swap_persist_majority_6.5_P1,http://qa.sc.couchbase.com/job/test_suite_executor-TAF/,3388
centos-durability_steady_state_6.5_P0_majority,http://qa.sc.couchbase.com/job/test_suite_executor-TAF/,3398
centos-query_tools-index_gsi,http://qa.sc.couchbase.com/job/test_suite_executor/,160364
centos-analytics_rest_cbas_query_modes,http://qa.sc.couchbase.com/job/test_suite_executor-jython/,7713
centos-rqg_pushdown_partial,http://qa.sc.couchbase.com/job/test_suite_executor/,160866
centos-durability_auto_fail_over_6.5_P0_persist_majority,http://qa.sc.couchbase.com/job/test_suite_executor-TAF/,3425
centos-cli_cluster-init,http://qa.sc.couchbase.com/job/test_suite_executor-docker/,29663
centos-analytics_rest_sql_plus_plus,http://qa.sc.couchbase.com/job/test_suite_executor-jython/,7755
centos-epeng_eviction,http://qa.sc.couchbase.com/job/test_suite_executor/,161395
centos-durability_rebalance_swap_persist_majority_6.5_P0,http://qa.sc.couchbase.com/job/test_suite_executor-TAF/,3370
centos-cli_saslpasswordtests,http://qa.sc.couchbase.com/job/test_suite_executor-docker/,29688
centos-query_auto_prepare,http://qa.sc.couchbase.com/job/test_suite_executor/,160490
centos-durability_steady_state_large_docs_6.5_P1_majority,http://qa.sc.couchbase.com/job/test_suite_executor-TAF/,3140
cen006-P0-converg-xattrs-vset0-02-xdcr,http://qa.sc.couchbase.com/job/cen006-P0-converg-xattrs-vset0-02-xdcr/,466
centos-backup_recovery_1a,http://qa.sc.couchbase.com/job/test_suite_executor/,161406
centos-transaction_crash_test_durability_majority_and_persist_on_master_6.5_P1,http://qa.sc.couchbase.com/job/test_suite_executor-TAF/,3130
centos-2i_recovery-add-index-kvops-plasma,http://qa.sc.couchbase.com/job/test_suite_executor/,160683
centos-durability_fail_over_6.5_P0_persist_majority,http://qa.sc.couchbase.com/job/test_suite_executor-TAF/,3200
centos-analytics_rest_cluster_operations,http://qa.sc.couchbase.com/job/test_suite_executor-jython/,7756
centos-xdcr_filtering-ring-topology-eph_6.5_P1,http://qa.sc.couchbase.com/job/test_suite_executor/,160938
centos-2i_rebalance_green_memdb,http://qa.sc.couchbase.com/job/test_suite_executor/,161030
centos-nonroot-os_certify-rza,http://qa.sc.couchbase.com/job/centos-nonroot-os_certify-rza/,257
centos-query_tools-nulls_moi,http://qa.sc.couchbase.com/job/test_suite_executor/,161363
centos-durability_maxttl_6.5_P0_persist_majority,http://qa.sc.couchbase.com/job/test_suite_executor-TAF/,3207
centos-query_dml_moi,http://qa.sc.couchbase.com/job/test_suite_executor/,160659
centos-durability_tunable_rebalance_in_majority_6.5_P0,http://qa.sc.couchbase.com/job/test_suite_executor-TAF/,3299
centos-fts_geo-n1ql-scorch_6.5_P1,http://qa.sc.couchbase.com/job/test_suite_executor/,160362
centos-transaction_multi_bucket_durability_majority_6.5_P0,http://qa.sc.couchbase.com/job/test_suite_executor-TAF/,3342
centos-backup_recovery_merge-p1-crash,http://qa.sc.couchbase.com/job/test_suite_executor/,160879
centos-rqg_analytics_having,http://qa.sc.couchbase.com/job/test_suite_executor/,160559
centos-query_auditing,http://qa.sc.couchbase.com/job/test_suite_executor/,160444
centos-query_curl_whitelist,http://qa.sc.couchbase.com/job/test_suite_executor/,160508
centos-nonroot-os_certify-lww,http://qa.sc.couchbase.com/job/centos-nonroot-os_certify-lww/,248
centos-analytics_rest_functional,http://qa.sc.couchbase.com/job/test_suite_executor-jython/,7757
centos-eventing_rebalance_pause_resume_timers_6.5_P0,http://qa.sc.couchbase.com/job/test_suite_executor/,160671
centos-cli_tools_SDK-compression-off-bucket-compression-active,http://qa.sc.couchbase.com/job/test_suite_executor-docker/,29692
centos-rqg_fields_asc_desc,http://qa.sc.couchbase.com/job/test_suite_executor/,161286
centos-query_options,http://qa.sc.couchbase.com/job/test_suite_executor/,160622
centos-query_backfill,http://qa.sc.couchbase.com/job/test_suite_executor/,160495
centos-cli_cccp,http://qa.sc.couchbase.com/job/test_suite_executor-docker/,29665
centos-query_covering-2_gsi,http://qa.sc.couchbase.com/job/test_suite_executor/,160502
centos-query_monitoring,http://qa.sc.couchbase.com/job/test_suite_executor/,161382
centos-nserv_auto_retry_failed_rebalance_6.5_P1,http://qa.sc.couchbase.com/job/test_suite_executor/,160862
centos-durability_rebalance_in_out_majority_6.5_P1,http://qa.sc.couchbase.com/job/test_suite_executor-TAF/,3170
centos-rqg_pushdown_functional,http://qa.sc.couchbase.com/job/test_suite_executor/,161290
centos-eventing_curl_6.5_P0,http://qa.sc.couchbase.com/job/test_suite_executor/,161258
centos-rqg_pushdown_secondary_partitioned,http://qa.sc.couchbase.com/job/test_suite_executor/,160888
centos-query_enhancements_moi,http://qa.sc.couchbase.com/job/test_suite_executor/,160594
centos-2i_rebalance_green_plasma,http://qa.sc.couchbase.com/job/test_suite_executor/,160381
centos-2i_bucket-ops-plasma,http://qa.sc.couchbase.com/job/test_suite_executor/,160324
centos-transaction_crash_test_durability_persist_to_majority_6.5_P1,http://qa.sc.couchbase.com/job/test_suite_executor-TAF/,3241
centos-nserv_nserv-rebalanceinout_P0_Set2_compression,http://qa.sc.couchbase.com/job/test_suite_executor/,160457
centos-rqg_count_distinct_scan_partitioned,http://qa.sc.couchbase.com/job/test_suite_executor/,160597
centos-query_tools-dml_moi,http://qa.sc.couchbase.com/job/test_suite_executor/,160611
centos-rqg_joins_ansi,http://qa.sc.couchbase.com/job/test_suite_executor/,161289
centos-query_nulls_moi,http://qa.sc.couchbase.com/job/test_suite_executor/,160768
centos-eventing_topology_source_bucket_timers_6.5_P1,http://qa.sc.couchbase.com/job/test_suite_executor/,161247
centos-fts_stabletopologyP0,http://qa.sc.couchbase.com/job/test_suite_executor/,161159
centos-2i_scan-consistency-multi-bucket-plasma-green-SDK-compression-off-bucket-compression-active,http://qa.sc.couchbase.com/job/test_suite_executor/,160640
centos-transaction_crash_test_durability_majority_6.5_P0_Set1,http://qa.sc.couchbase.com/job/test_suite_executor-TAF/,3131
centos-query_cte_6.5_P1,http://qa.sc.couchbase.com/job/test_suite_executor/,160499
centos-transaction_diskautofailover_durability_majority_6.5_P0_Set1,http://qa.sc.couchbase.com/job/test_suite_executor-TAF/,3186
centos-2i_ci-tests-memdb,http://qa.sc.couchbase.com/job/test_suite_executor/,160695
centos-geo_sanity_01,http://qa.sc.couchbase.com/job/test_suite_executor-docker-prod2/,1436
centos-sanity_sanity-compression-SDK-off,http://qa.sc.couchbase.com/job/test_suite_executor/,160658
centos-transaction_crash_test_durability_persist_to_majority_6.5_P0_Set1,http://qa.sc.couchbase.com/job/test_suite_executor-TAF/,3183
centos-analytics_rest_x509,http://qa.sc.couchbase.com/job/test_suite_executor-jython/,7752
centos-durability_steady_state_dgm_6.5_P0_persist_active,http://qa.sc.couchbase.com/job/test_suite_executor-TAF/,3410
centos-query_joins_gsi,http://qa.sc.couchbase.com/job/test_suite_executor/,160514
centos-2i_add-based-recovery-dgm-plasma-P1,http://qa.sc.couchbase.com/job/test_suite_executor/,160934
centos-durability_rebalance_in_persist_majority_6.5_P1,http://qa.sc.couchbase.com/job/test_suite_executor-TAF/,3179
centos-subdoc_sanity,http://qa.sc.couchbase.com/job/test_suite_executor/,161337
centos-fts_defmap-P1-scorch,http://qa.sc.couchbase.com/job/test_suite_executor/,160663
centos-backup_recovery_01-02,http://qa.sc.couchbase.com/job/test_suite_executor/,161177
centos-durability_rebalance_swap_persist_active_6.5_P1,http://qa.sc.couchbase.com/job/test_suite_executor-TAF/,3387
centos-fts_querytime,http://qa.sc.couchbase.com/job/test_suite_executor/,161166
cen006-p0-epeng-vset01-00-lww,http://qa.sc.couchbase.com/job/cen006-p0-epeng-vset01-00-lww/,552
cen7-2i-plasma-set5-job1-upgrade-5-1-0_GREEN,http://qa.sc.couchbase.com/job/cen7-2i-plasma-set5-job1-upgrade-5-1-0_GREEN/,131
centos-durability_maxttl_6.5_P0_persist_active,http://qa.sc.couchbase.com/job/test_suite_executor-TAF/,3335
centos-xdcr_rebalance-ssl-eph-1,http://qa.sc.couchbase.com/job/test_suite_executor/,160811
centos-2i_replica-indexes-plasma-P1,http://qa.sc.couchbase.com/job/test_suite_executor/,160383
centos-transaction_durability_majority_auto_retry_P1,http://qa.sc.couchbase.com/job/test_suite_executor-TAF/,3360
centos-xdcr_pause-resume-eph,http://qa.sc.couchbase.com/job/test_suite_executor/,160758
centos-durability_rebalance_in_persist_majority_6.5_P0,http://qa.sc.couchbase.com/job/test_suite_executor-TAF/,3368
centos-query_sanity-SDK-compression-off-bucket-compression-active-3,http://qa.sc.couchbase.com/job/test_suite_executor/,160414
centos-rza_basic,http://qa.sc.couchbase.com/job/test_suite_executor/,161252
centos-query_auditing_filtering,http://qa.sc.couchbase.com/job/test_suite_executor/,160476
centos-query_ascdesc_moi,http://qa.sc.couchbase.com/job/test_suite_executor/,160589
centos-query_index3_moi,http://qa.sc.couchbase.com/job/test_suite_executor/,160596
centos-durability_rebalance_out_persist_majority_6.5_P0,http://qa.sc.couchbase.com/job/test_suite_executor-TAF/,3302
centos-query_array-indexing-2,http://qa.sc.couchbase.com/job/test_suite_executor/,160472
centos-2i_scan-consistency-single-bucket-plasma,http://qa.sc.couchbase.com/job/test_suite_executor/,160396
centos-durability_rebalance_in_out_majority_6.5_P0,http://qa.sc.couchbase.com/job/test_suite_executor-TAF/,3042
centos-view_query1,http://qa.sc.couchbase.com/job/test_suite_executor-docker-prod2/,1448
centos-eventing_recovery_pause_resume_6.5_P1,http://qa.sc.couchbase.com/job/test_suite_executor/,160818
centos-rqg_pushdown_primary,http://qa.sc.couchbase.com/job/test_suite_executor/,160885
centos-fts_defmap-P0,http://qa.sc.couchbase.com/job/test_suite_executor/,160560
centos-ephemeral_2i-load-balancing-ephemeral,http://qa.sc.couchbase.com/job/test_suite_executor/,161155
centos-rqg_joins,http://qa.sc.couchbase.com/job/test_suite_executor/,160734
centos-transaction_diskautofailover_durability_majority_and_persist_on_master_6.5_P0_Set1,http://qa.sc.couchbase.com/job/test_suite_executor-TAF/,3023
centos-ipv6_nsserver,http://qa.sc.couchbase.com/job/test_suite_executor/,161246
centos-durability_steady_state_subdoc_6.5_P0_majority,http://qa.sc.couchbase.com/job/test_suite_executor-TAF/,3326
centos-xdcr_unidirectional-ssl-2,http://qa.sc.couchbase.com/job/test_suite_executor/,160841
centos-rqg_pushdown_partial_partitioned,http://qa.sc.couchbase.com/job/test_suite_executor/,160868
centos-eventing_rebalance_source_bucket_mutation_timers_6.5_P0,http://qa.sc.couchbase.com/job/test_suite_executor/,161342
centos-2i_doc-key-size-plasma-P1,http://qa.sc.couchbase.com/job/test_suite_executor/,160904
centos-epeng_compaction,http://qa.sc.couchbase.com/job/test_suite_executor/,161367
centos-analytics_rest_ingestion_interrupt,http://qa.sc.couchbase.com/job/test_suite_executor-jython/,7739
centos-durability_steady_state_large_docs_6.5_ephemeral_P0_majority,http://qa.sc.couchbase.com/job/test_suite_executor-TAF/,3088
centos-xdcr_unidirectional-ssl-1,http://qa.sc.couchbase.com/job/test_suite_executor/,160827
cen006-p0-epeng-vset01-00-hostname-mgmt,http://qa.sc.couchbase.com/job/cen006-p0-epeng-vset01-00-hostname-mgmt/,1205
centos-rbac_rbac-builtin,http://qa.sc.couchbase.com/job/test_suite_executor/,161193
centos-durability_fail_over_6.5_P1_persist_active,http://qa.sc.couchbase.com/job/test_suite_executor-TAF/,3168
centos-cli_collect-logs-start,http://qa.sc.couchbase.com/job/test_suite_executor-docker/,29666
centos-transaction_multi_bucket_durability_majority_6.5_P0_Set1,http://qa.sc.couchbase.com/job/test_suite_executor-TAF/,3353
centos-query_prepared_moi,http://qa.sc.couchbase.com/job/test_suite_executor/,160772
centos-2i_recovery-add-index-kvops-memdb,http://qa.sc.couchbase.com/job/test_suite_executor/,161046
centos-2i_query-based-recovery-dgm-plasma-P0,http://qa.sc.couchbase.com/job/test_suite_executor/,160634
centos-transaction_newfailover_durability_majority_and_persist_on_master_6.5_P0_Set1,http://qa.sc.couchbase.com/job/test_suite_executor-TAF/,3021
centos-lcb-sdk-server-situational-tests,http://sdkbuilds.sc.couchbase.com/view/LCB/job/server-build-test-lcb/job/centos-lcb-sdk-server-situational-tests/,704
centos-ipv6_sanity-1node,http://qa.sc.couchbase.com/job/test_suite_executor/,160329
centos-analytics_rest_metadata_replication_rebalance_reboot,http://qa.sc.couchbase.com/job/test_suite_executor-jython/,7733
centos-query_ansi_merge_6.5_P1,http://qa.sc.couchbase.com/job/test_suite_executor/,160435
centos-java-sdk-vulcan-ipv6,http://sdkbuilds.sc.couchbase.com/job/centos-java-sdk-vulcan-ipv6/,280
centos-durability_steady_state_dgm_6.5_P0_majority,http://qa.sc.couchbase.com/job/test_suite_executor-TAF/,3430
centos-xdcr_unidirectional-1,http://qa.sc.couchbase.com/job/test_suite_executor/,160852
centos-eventing_rebalance_n1ql_op_without_timers,http://qa.sc.couchbase.com/job/test_suite_executor/,161880
centos-query_subquery,http://qa.sc.couchbase.com/job/test_suite_executor/,160358
centos-transaction_autofailover_durability_majority_6.5_P0_Set1,http://qa.sc.couchbase.com/job/test_suite_executor-TAF/,3381
centos-durability_sdk_timeouts_6.5_P0_persist_active,http://qa.sc.couchbase.com/job/test_suite_executor-TAF/,3048
centos-query_cbqshell,http://qa.sc.couchbase.com/job/test_suite_executor/,161380
centos-subdoc_sanity_ephemeral,http://qa.sc.couchbase.com/job/test_suite_executor-docker/,29652
centos-durability_rebalance_out_majority_6.5_P1,http://qa.sc.couchbase.com/job/test_suite_executor-TAF/,3152
centos-query_stats,http://qa.sc.couchbase.com/job/test_suite_executor/,160449
centos-cli_collect-logs-stop,http://qa.sc.couchbase.com/job/test_suite_executor-docker/,29664
centos-rqg_analytics_aggregate_functions_limit_offset,http://qa.sc.couchbase.com/job/test_suite_executor/,160564
centos-durability_steady_state_dgm_6.5_P1_majority,http://qa.sc.couchbase.com/job/test_suite_executor-TAF/,3196
centos-2i_recovery-query-index-memdb,http://qa.sc.couchbase.com/job/test_suite_executor/,161048
centos-query_statistic-aggregates_6.5_P1,http://qa.sc.couchbase.com/job/test_suite_executor/,160378
centos-durability_rebalance_out_ephemeral_majority_6.5_P0,http://qa.sc.couchbase.com/job/test_suite_executor-TAF/,3102
centos-2i_deployment-plan-plasma,http://qa.sc.couchbase.com/job/test_suite_executor/,160348
centos-transaction_rebalance_out_durability_majority_6.5_P0_Set1,http://qa.sc.couchbase.com/job/test_suite_executor-TAF/,3188
centos-eventing_rebalance_bucket_op_with_cron_timers,http://qa.sc.couchbase.com/job/test_suite_executor/,160902
centos-transaction_steady_state_durability_persist_to_majority_6.5_P0,http://qa.sc.couchbase.com/job/test_suite_executor-TAF/,3338
centos-query_in_list_6.5_P1,http://qa.sc.couchbase.com/job/test_suite_executor/,160365
centos-eventing_rebalance_timer_op_curl_6.5_P0,http://qa.sc.couchbase.com/job/test_suite_executor/,160819
centos-query_upgrade,http://qa.sc.couchbase.com/job/test_suite_executor/,161208
centos-query_prepared-additionaltests-moi,http://qa.sc.couchbase.com/job/test_suite_executor/,160770
centos-query_group_by_alias_6.5_P1,http://qa.sc.couchbase.com/job/test_suite_executor/,160425
centos-query_DGM,http://qa.sc.couchbase.com/job/test_suite_executor/,160373
centos-analytics_rest_storage_infer_schema_6.5_P1,http://qa.sc.couchbase.com/job/test_suite_executor-jython/,7763
centos-2i_load-balancing,http://qa.sc.couchbase.com/job/test_suite_executor/,160620
centos-analytics_scan_consistency_6.5_P1,http://qa.sc.couchbase.com/job/test_suite_executor-jython/,7749
centos-eventing_rebalance_bucket_op_with_timers,http://qa.sc.couchbase.com/job/test_suite_executor/,161224
centos-cli_xdcr,http://qa.sc.couchbase.com/job/test_suite_executor/,161253
centos-rbac_rbac-xdcr,http://qa.sc.couchbase.com/job/test_suite_executor/,160629
centos-query_sanity-SDK-compression-off-bucket-compression-active,http://qa.sc.couchbase.com/job/test_suite_executor/,160384
centos-rqg_aggregate_pushdown_primary,http://qa.sc.couchbase.com/job/test_suite_executor/,160585
centos-subdoc_autotest,http://qa.sc.couchbase.com/job/test_suite_executor/,161336
centos-eventing_rebalance_pause_resume_timers_6.5_P1,http://qa.sc.couchbase.com/job/test_suite_executor/,160703
centos-2i_recovery-drop-index-plasma,http://qa.sc.couchbase.com/job/test_suite_executor/,160392
centos-2i_scan-consistency-multi-bucket-plasma-green-SDK-compression-on-bucket-compression-active,http://qa.sc.couchbase.com/job/test_suite_executor/,160651
centos-query_ephm-4-node,http://qa.sc.couchbase.com/job/test_suite_executor/,160606
centos-durability_rebalance_in_persist_active_6.5_P1,http://qa.sc.couchbase.com/job/test_suite_executor-TAF/,3366
centos-cli_settings-compaction,http://qa.sc.couchbase.com/job/test_suite_executor-docker/,29678
centos-xdcr_couchbase-cli,http://qa.sc.couchbase.com/job/test_suite_executor/,160853
centos-query_nondocs_gsi,http://qa.sc.couchbase.com/job/test_suite_executor/,160516
centos-rqg_having_partitioned,http://qa.sc.couchbase.com/job/test_suite_executor/,161287
cen006-nserv-autofailover-firewall,http://qa.sc.couchbase.com/job/cen006-nserv-autofailover-firewall/,392
centos-2i_ci-tests-plasma,http://qa.sc.couchbase.com/job/test_suite_executor/,160335
centos-nonroot-os_certify-nsserver,http://qa.sc.couchbase.com/job/centos-nonroot-os_certify-nsserver/,256
centos-2i_array-indexing-memdb,http://qa.sc.couchbase.com/job/test_suite_executor/,160584
centos-query_array-indexing_moi,http://qa.sc.couchbase.com/job/test_suite_executor/,160732
centos-eventing_topology_pause_resume_timers_6.5_P1,http://qa.sc.couchbase.com/job/test_suite_executor/,160881
centos-xdcr_pause-resume,http://qa.sc.couchbase.com/job/test_suite_executor/,161011
centos-durability_rebalance_out_persist_majority_6.5_P1,http://qa.sc.couchbase.com/job/test_suite_executor-TAF/,3166
cen7-2i-plasma-set5-job1-upgrade-5-0-1_GREEN,http://qa.sc.couchbase.com/job/cen7-2i-plasma-set5-job1-upgrade-5-0-1_GREEN/,138
centos-query_conditional_functions_moi_6.5_P1,http://qa.sc.couchbase.com/job/test_suite_executor/,160494
centos-rqg_analytics_string_functions,http://qa.sc.couchbase.com/job/test_suite_executor/,160567
centos-2i_replica-indexes-memdb-P1,http://qa.sc.couchbase.com/job/test_suite_executor/,160721
centos-ipv6_ent-backup-restore,http://qa.sc.couchbase.com/job/test_suite_executor/,161410
centos-rqg_functions_numeric_string_datetime,http://qa.sc.couchbase.com/job/test_suite_executor/,160633
centos-tunable_rebalance-in-out,http://qa.sc.couchbase.com/job/test_suite_executor-docker-prod2/,1442
centos-query_index2_moi,http://qa.sc.couchbase.com/job/test_suite_executor/,160674
centos-backup_recovery_regex-ssl,http://qa.sc.couchbase.com/job/test_suite_executor/,160402
centos-durability_rebalance_in_out_ephemeral_majority_6.5_P1,http://qa.sc.couchbase.com/job/test_suite_executor-TAF/,3174
centos-durability_maxttl_6.5_ephemeral_P0_majority,http://qa.sc.couchbase.com/job/test_suite_executor-TAF/,3054
centos-2i_plasma-dgm,http://qa.sc.couchbase.com/job/test_suite_executor/,160625
centos-2i_multiscan_with_offset_and_distinct_plasma,http://qa.sc.couchbase.com/job/test_suite_executor/,160341
centos-cli_import-export-3,http://qa.sc.couchbase.com/job/test_suite_executor-docker/,29674
centos-rqg_aggregate_functions_simple,http://qa.sc.couchbase.com/job/test_suite_executor/,160570
centos-nserv_nserv-rebalanceinout_P0_Set2,http://qa.sc.couchbase.com/job/test_suite_executor/,161276
centos-2i_index-partitioning-cbd-plasma,http://qa.sc.couchbase.com/job/test_suite_executor/,160712
centos-ephemeral_2i-basic-integration-ephemeral,http://qa.sc.couchbase.com/job/test_suite_executor/,160752
centos-durability_auto_fail_over_6.5_P0_persist_active,http://qa.sc.couchbase.com/job/test_suite_executor-TAF/,3424
centos-xdcr_adv-filtering-2_6.5_P1,http://qa.sc.couchbase.com/job/test_suite_executor/,160631
centos-nserv_nserv-rebalanceinout_P1_Set2,http://qa.sc.couchbase.com/job/test_suite_executor/,161049
centos-durability_sdk_timeouts_6.5_P1_majority,http://qa.sc.couchbase.com/job/test_suite_executor-TAF/,3154
centos-query_index4_gsi,http://qa.sc.couchbase.com/job/test_suite_executor/,160613
centos-eventing_topology_n1ql_op_with_timers,http://qa.sc.couchbase.com/job/test_suite_executor/,161618
centos-durability_auto_fail_over_6.5_P1_persist_active,http://qa.sc.couchbase.com/job/test_suite_executor-TAF/,3427
centos-analytics_rest_demo_queries,http://qa.sc.couchbase.com/job/test_suite_executor-jython/,7712
centos-xdcr_rebalance-1,http://qa.sc.couchbase.com/job/test_suite_executor/,160817
centos-ipv6_sanity-raw,http://qa.sc.couchbase.com/job/test_suite_executor/,160575
centos-transaction_multi_bucket_durability_majority_and_persist_on_master_6.5_P0,http://qa.sc.couchbase.com/job/test_suite_executor-TAF/,3419
centos-rqg_unions_partitioned,http://qa.sc.couchbase.com/job/test_suite_executor/,160900
centos-xdcr_audit,http://qa.sc.couchbase.com/job/test_suite_executor/,160632
centos-epeng_observe,http://qa.sc.couchbase.com/job/test_suite_executor/,160426
centos-nserv_rebalance-progress,http://qa.sc.couchbase.com/job/test_suite_executor/,160660
centos-analytics_rest_metadata_backup_6.5_P1,http://qa.sc.couchbase.com/job/test_suite_executor-jython/,7764
centos-cli_ibr,http://qa.sc.couchbase.com/job/test_suite_executor/,160730
centos-eventing_rebalance_bucket_op_curl_6.5_P1,http://qa.sc.couchbase.com/job/test_suite_executor/,161260
centos-transaction_steady_state_diff_doc_size_durability_majority_6.5_P0,http://qa.sc.couchbase.com/job/test_suite_executor-TAF/,3240
centos-sanity_sanity-compression-SDK-On-bucket-compression-active,http://qa.sc.couchbase.com/job/test_suite_executor/,160666
centos-durability_rebalance_in_persist_active_6.5_P0,http://qa.sc.couchbase.com/job/test_suite_executor-TAF/,3364
centos-ipv6_sanity-fqdn,http://qa.sc.couchbase.com/job/test_suite_executor/,160565
centos-query_chained_let_6.5_P1,http://qa.sc.couchbase.com/job/test_suite_executor/,160489
centos-2i_rebalance_green_SDK-compression-off-bucket-compression-active_plasma,http://qa.sc.couchbase.com/job/test_suite_executor/,160756
centos-query_clusterops-2,http://qa.sc.couchbase.com/job/test_suite_executor/,160500
centos-fts_moving-topology-P1-scorch,http://qa.sc.couchbase.com/job/test_suite_executor/,160410
centos-xdcr_compression-SDK-off-bucket-compression-active,http://qa.sc.couchbase.com/job/test_suite_executor/,160832
centos-ephemeral_2i-bucket-ops,http://qa.sc.couchbase.com/job/test_suite_executor/,160764
centos-backup_recovery_1b,http://qa.sc.couchbase.com/job/test_suite_executor/,161408
centos-transaction_rebalance_in_durability_majority_6.5_P0_Set1,http://qa.sc.couchbase.com/job/test_suite_executor-TAF/,3412
centos-durability_rebalance_swap_ephemeral_majority_6.5_P1,http://qa.sc.couchbase.com/job/test_suite_executor-TAF/,3172
centos-eventing_rebalance_multiple_functions,http://qa.sc.couchbase.com/job/test_suite_executor/,160880
centos-nserv_rebalanceinout_P1_Set1-ephemeral,http://qa.sc.couchbase.com/job/test_suite_executor/,160724
cen-nserv-autofailover-servergroup-failover,http://qa.sc.couchbase.com/job/cen-nserv-autofailover-servergroup-failover/,168
centos-ipv6_query,http://qa.sc.couchbase.com/job/test_suite_executor/,160649
centos-rqg_pushdown_primary_partitioned,http://qa.sc.couchbase.com/job/test_suite_executor/,160886
centos-tunable_swaprebalance,http://qa.sc.couchbase.com/job/test_suite_executor-docker-prod2/,1451
centos-rqg_crud_delete_ops_merge_partitioned,http://qa.sc.couchbase.com/job/test_suite_executor/,160601
centos-eventing_topology_n1ql_op_without_timers,http://qa.sc.couchbase.com/job/test_suite_executor/,161015
centos-analytics_rest_secondary_indexes_reboot,http://qa.sc.couchbase.com/job/test_suite_executor-jython/,7745
centos-eventing_topology_pause_resume_6.5_P1,http://qa.sc.couchbase.com/job/test_suite_executor/,160487
centos-backup_recovery_01-03,http://qa.sc.couchbase.com/job/test_suite_executor/,160898
centos-view_xdcr,http://qa.sc.couchbase.com/job/test_suite_executor-docker-prod2/,1452
centos-query_sanity-SDK-compression-off-bucket-compression-active-2,http://qa.sc.couchbase.com/job/test_suite_executor/,160407
centos-transaction_swap_rebalance_durability_persist_to_majority_6.5_P0_Set1,http://qa.sc.couchbase.com/job/test_suite_executor-TAF/,3422
centos-fts_geo,http://qa.sc.couchbase.com/job/test_suite_executor/,161157
centos-rqg_pushdown_partitioned,http://qa.sc.couchbase.com/job/test_suite_executor/,160884
centos-nserv_auto_retry_failed_rebalance_6.5_P0,http://qa.sc.couchbase.com/job/test_suite_executor/,160482
centos-durability_rebalance_in_out_persist_active_6.5_P1,http://qa.sc.couchbase.com/job/test_suite_executor-TAF/,3270
centos-2i_deployment-plan-memdb,http://qa.sc.couchbase.com/job/test_suite_executor/,160700
centos-2i_scan-consistency-multi-bucket-plasma-red-SDK-compression-on-bucket-compression-active,http://qa.sc.couchbase.com/job/test_suite_executor/,160681
centos-epeng_cas,http://qa.sc.couchbase.com/job/test_suite_executor/,160346
centos-security_rbac-ldap,http://qa.sc.couchbase.com/job/test_suite_executor/,161192
centos-transaction_durability_persist_to_majority_auto_retry_P0,http://qa.sc.couchbase.com/job/test_suite_executor-TAF/,3357
centos-query_dml,http://qa.sc.couchbase.com/job/test_suite_executor/,160501
centos-nserv_rebalance_persistence_snap_validate,http://qa.sc.couchbase.com/job/test_suite_executor/,160865
centos-fts_n1ql-search-defmap-scorch_P0_6.5_P1,http://qa.sc.couchbase.com/job/test_suite_executor/,161214
cen006-p0-upgra-new_2,http://qa.sc.couchbase.com/job/cen006-p0-upgra-new_2/,157
centos-eventing_rbac,http://qa.sc.couchbase.com/job/test_suite_executor/,160540
centos-tunable_warmup,http://qa.sc.couchbase.com/job/test_suite_executor-docker-prod2/,1438
centos-nonroot-os_certify-security_check-(audit),http://qa.sc.couchbase.com/job/centos-nonroot-os_certify-security_check-(audit)/,259
centos-ephemeral_2i-scan-consistency-multi-bucket-ephemeral-green-SDK-compression-off-bucket-compression-active,http://qa.sc.couchbase.com/job/test_suite_executor/,160773
centos-sanity_sanity-compression-SDK-off-bucket-compression-off,http://qa.sc.couchbase.com/job/test_suite_executor/,161179
centos-rbac_rbac-cli,http://qa.sc.couchbase.com/job/test_suite_executor/,160870
centos-xdcr_unidirectional-2,http://qa.sc.couchbase.com/job/test_suite_executor/,160826
centos-cli_settings-cluster,http://qa.sc.couchbase.com/job/test_suite_executor-docker/,29677
centos-analytics_rest_sql_plus_plus_composability_alignment,http://qa.sc.couchbase.com/job/test_suite_executor-jython/,7725
centos-rqg_ansi_joins,http://qa.sc.couchbase.com/job/test_suite_executor/,160587
centos-cli_bucket-edit,http://qa.sc.couchbase.com/job/test_suite_executor-docker/,29660
centos-xdcr_rebalance-3,http://qa.sc.couchbase.com/job/test_suite_executor/,160740
centos-query_index_gsi,http://qa.sc.couchbase.com/job/test_suite_executor/,160784
centos-query_conditional_functions_6.5_P1,http://qa.sc.couchbase.com/job/test_suite_executor/,160491
centos-transaction_rebalance_out_durability_majority_6.5_P0,http://qa.sc.couchbase.com/job/test_suite_executor-TAF/,3247
centos-nonroot-os_certify-2i,http://qa.sc.couchbase.com/job/centos-nonroot-os_certify-2i/,264
centos-epeng_dockeys,http://qa.sc.couchbase.com/job/test_suite_executor/,160419
cen7-sync-gateway-functional-tests-base-cc-converg,http://uberjenkins.sc.couchbase.com:8080/job/cen7-sync-gateway-functional-tests-base-cc-converg/,1067
centos-durability_steady_state_6.5_ephemeral_P0_majority,http://qa.sc.couchbase.com/job/test_suite_executor-TAF/,3403
centos-xdcr_lww-p1,http://qa.sc.couchbase.com/job/test_suite_executor/,160725
centos-transaction_newfailover_durability_majority_6.5_P0,http://qa.sc.couchbase.com/job/test_suite_executor-TAF/,3245
centos-ephemeral_2i-ci-tests-ephemeral,http://qa.sc.couchbase.com/job/test_suite_executor/,160765
centos-analytics_rest_audit_logging,http://qa.sc.couchbase.com/job/test_suite_executor-jython/,7732
centos-transaction_autofailover_durability_persist_to_majority_6.5_P0_Set1,http://qa.sc.couchbase.com/job/test_suite_executor-TAF/,3382
centos-query_vset-ro-moi,http://qa.sc.couchbase.com/job/test_suite_executor/,160849
centos-eventing_volume,http://qa.sc.couchbase.com/job/test_suite_executor/,160875
centos-cli_bucket-flush,http://qa.sc.couchbase.com/job/test_suite_executor-docker/,29661
cen006-p0-EEonly-vset00-00-feature,http://qa.sc.couchbase.com/job/cen006-p0-EEonly-vset00-00-feature/,542
centos-epeng_dcp,http://qa.sc.couchbase.com/job/test_suite_executor/,161394
centos-transaction_rebalance_in_durability_majority_and_persist_on_master_6.5_P0_Set1,http://qa.sc.couchbase.com/job/test_suite_executor-TAF/,3413
centos-nserv_nserv-rebalanceinout_P0_Set1-ephemeral,http://qa.sc.couchbase.com/job/test_suite_executor/,160825
centos-rqg_fields_asc_desc_6.5_P1,http://qa.sc.couchbase.com/job/test_suite_executor/,160578
centos-2i_add-based-recovery-dgm-plasma-P0,http://qa.sc.couchbase.com/job/test_suite_executor/,160750
centos-analytics_rest_cluster_operations_rebalance,http://qa.sc.couchbase.com/job/test_suite_executor-jython/,7717
centos-transaction_steady_state_durability_majority_6.5_P0,http://qa.sc.couchbase.com/job/test_suite_executor-TAF/,3243
centos-epeng_observe_ephemeral,http://qa.sc.couchbase.com/job/test_suite_executor-docker/,29659
centos-rqg_analytics_simple_table_tests,http://qa.sc.couchbase.com/job/test_suite_executor/,160545
centos-ephemeral_2i-scan-consistency-multi-bucket-ephemeral-red-SDK-compression-on-bucket-compression-active,http://qa.sc.couchbase.com/job/test_suite_executor/,160748
centos-cli_settings-autofailover,http://qa.sc.couchbase.com/job/test_suite_executor-docker/,29683
centos-2i_scan-consistency-multi-bucket-memdb-green,http://qa.sc.couchbase.com/job/test_suite_executor/,160650
centos-eventing_rebalance_source_bucket_mutation_timers_6.5_P1,http://qa.sc.couchbase.com/job/test_suite_executor/,160815
centos-security_x509_basic_p0,http://qa.sc.couchbase.com/job/test_suite_executor/,160456
centos-durability_replica_update_6.5_P1_majority,http://qa.sc.couchbase.com/job/test_suite_executor-TAF/,3215
centos-fts_stabletopologyP1,http://qa.sc.couchbase.com/job/test_suite_executor/,161399
centos-epeng_cas_ephemeral,http://qa.sc.couchbase.com/job/test_suite_executor-docker/,29650
centos-query_tools-index_moi,http://qa.sc.couchbase.com/job/test_suite_executor/,160617
centos-nserv_rebalanceinout_P1_Set2-ephemeral,http://qa.sc.couchbase.com/job/test_suite_executor/,161047
centos-cli_bucket-delete,http://qa.sc.couchbase.com/job/test_suite_executor-docker/,29658
centos-2i_index-partitioning-clusterops-plasma,http://qa.sc.couchbase.com/job/test_suite_executor/,160361
centos-transaction_durability_majority_auto_retry_P0,http://qa.sc.couchbase.com/job/test_suite_executor-TAF/,3359
centos-backup_recovery_01-03-eph,http://qa.sc.couchbase.com/job/test_suite_executor/,160899
centos-query_rbac-n1ql2,http://qa.sc.couchbase.com/job/test_suite_executor/,160511
centos-ipv6_query-3,http://qa.sc.couchbase.com/job/test_suite_executor/,161411
centos-xdcr_rebalance-ssl-1,http://qa.sc.couchbase.com/job/test_suite_executor/,160749
centos-fts_custom-map-rqg,http://qa.sc.couchbase.com/job/test_suite_executor/,160542
cen006-p0-upgra-new-with-services-550,http://qa.sc.couchbase.com/job/cen006-p0-upgra-new-with-services-550/,86
centos-transaction_concurrency_durability_majority_6.5_P0_Set1,http://qa.sc.couchbase.com/job/test_suite_executor-TAF/,3340
centos-analytics_rest_jdk_replacement,http://qa.sc.couchbase.com/job/test_suite_executor-jython/,7740
centos-eventing_rebalance_pause_resume_6.5_P1,http://qa.sc.couchbase.com/job/test_suite_executor/,160670
centos-query_ascdesc_gsi,http://qa.sc.couchbase.com/job/test_suite_executor/,160394
centos-eventing_recovery_timer_op_curl_6.5_p1,http://qa.sc.couchbase.com/job/test_suite_executor/,160823
centos-cli_rebalance,http://qa.sc.couchbase.com/job/test_suite_executor-docker/,29685
centos-durability_fail_over_6.5_P1_majority,http://qa.sc.couchbase.com/job/test_suite_executor-TAF/,3076
centos-eventing_concurrency,http://qa.sc.couchbase.com/job/test_suite_executor/,160437
centos-query_ansi_joins,http://qa.sc.couchbase.com/job/test_suite_executor/,160375
